"serial","internal","pin","expiry","cvc","reference"
"DEMO-A1C21","MSL-A1C21","DEMO-NOT-VALID-A1C21","2027-12-31","",""
"DEMO-A1C22","MSL-A1C22","DEMO-NOT-VALID-A1C22","2027-12-31","",""
"DEMO-A1C23","MSL-A1C23","DEMO-NOT-VALID-A1C23","2027-12-31","",""
"DEMO-A1C24","MSL-A1C24","DEMO-NOT-VALID-A1C24","2027-12-31","",""
"DEMO-A1C25","MSL-A1C25","DEMO-NOT-VALID-A1C25","2027-12-31","",""
"DEMO-A1C26","MSL-A1C26","DEMO-NOT-VALID-A1C26","2027-12-31","",""
"DEMO-A1C27","MSL-A1C27","DEMO-NOT-VALID-A1C27","2027-12-31","",""
"DEMO-A1C28","MSL-A1C28","DEMO-NOT-VALID-A1C28","2027-12-31","",""
"DEMO-A1C29","MSL-A1C29","DEMO-NOT-VALID-A1C29","2027-12-31","",""
"DEMO-A1C210","MSL-A1C210","DEMO-NOT-VALID-A1C210","2027-12-31","",""
"DEMO-A1C211","MSL-A1C211","DEMO-NOT-VALID-A1C211","2027-12-31","",""
"DEMO-A1C212","MSL-A1C212","DEMO-NOT-VALID-A1C212","2027-12-31","",""
"DEMO-A1C213","MSL-A1C213","DEMO-NOT-VALID-A1C213","2027-12-31","",""
"DEMO-A1C214","MSL-A1C214","DEMO-NOT-VALID-A1C214","2027-12-31","",""
"DEMO-A1C215","MSL-A1C215","DEMO-NOT-VALID-A1C215","2027-12-31","",""
"DEMO-A1C216","MSL-A1C216","DEMO-NOT-VALID-A1C216","2027-12-31","",""
"DEMO-A1C217","MSL-A1C217","DEMO-NOT-VALID-A1C217","2027-12-31","",""
"DEMO-A1C218","MSL-A1C218","DEMO-NOT-VALID-A1C218","2027-12-31","",""
"DEMO-A1C219","MSL-A1C219","DEMO-NOT-VALID-A1C219","2027-12-31","",""
"DEMO-A1C220","MSL-A1C220","DEMO-NOT-VALID-A1C220","2027-12-31","",""
"DEMO-A1C221","MSL-A1C221","DEMO-NOT-VALID-A1C221","2027-12-31","",""
"DEMO-A1C222","MSL-A1C222","DEMO-NOT-VALID-A1C222","2027-12-31","",""
"DEMO-A1C223","MSL-A1C223","DEMO-NOT-VALID-A1C223","2027-12-31","",""
"DEMO-A1C224","MSL-A1C224","DEMO-NOT-VALID-A1C224","2027-12-31","",""