الرقم,القسم,المتطلب,فقرات المصدر,الحالة,مكانه في النظام,الدليل,النتيجة وما ينقص,أساس التصنيف,ضمن فجوات المطابقة
R001,الأدوار والشبكة,مدير النظام يرى جميع المستخدمين والبيانات,77-93,محلي,الهوية والمستخدمون، التقارير، الوكلاء,access.js؛ test-owner-visibility.cjs,نطاق المدير عام محليًا. رؤية البيانات لا تعني أن كل إجراء مالي مسموح له؛ يوجد استثناء تمويل في المستند.,المستند المحدّث، مع مراعاة قرارات المستخدم اللاحقة,لا
R002,الأدوار والشبكة,إنشاء مشرف مركزي وتحديد وكلائه,79،95-108,محلي,الهوية والمستخدمون,operations-engine.js؛ workflow-engine.js؛ operations-ui.js؛ workflow-ui.js؛ test-operations.cjs؛ test-workflow.cjs؛ test-workflow-ui.cjs؛ test-xlsx-reader.cjs,أضيف تحديد تبعية الموظف: إدارة مركزية أو موظف داخل حساب وكيل، مع بقاء الصلاحية المسماة ونطاق الوكلاء.,المستند المحدّث، مع مراعاة قرارات المستخدم اللاحقة,لا
R003,الأدوار والشبكة,وكيل رئيسي وفرعي ونقطة بيع مرتبطة بوكيل واحد,67-74،109-141,محلي,الوكلاء والشجرة، نقاط البيع والأجهزة,engine.js:main؛ network-tree.js,العلاقات والشجرة والسحب من مخزن الرئيسي مطبقة محليًا، ونقطة البيع تحمل وكيلًا واحدًا.,المستند المحدّث، مع مراعاة قرارات المستخدم اللاحقة,لا
R004,الأدوار والشبكة,فروع متعددة المستويات دون حلقات,412-425,محلي,الوكلاء والشجرة,network-tree.js؛ test-network-tree.cjs,التداخل والشجرة ومنع الحلقات مطبقة محليًا. إعداد حد أقصى للعمق أو مسار نقل إضافي لا يُحسب نقصًا لمجرد اقتراحه؛ يحتاج اعتمادًا مستقلًا.,متطلب مكتوب مع اقتراح إضافي,لا
R005,الأدوار والشبكة,عزل المشرف والوكيل والفرعي والنقطة,95-141,محلي,جميع الصفحات,access.js؛ test-access-reports.cjs؛ test-engine.cjs,التصفية والمنع يعملان في المحاكاة. الحماية الحقيقية تحتاج تطبيق النطاق على الخادم.,المستند المحدّث، مع مراعاة قرارات المستخدم اللاحقة,لا
R006,الأدوار والشبكة,إيقاف الرئيسي لفروعه ونقاطه فقط,109-141،605-616,محلي,الوكلاء والشجرة، نقاط البيع والأجهزة,test-agent-suspension.cjs,اختبار الإيقاف وإعادة التفعيل ومنع البيع ورفض التحكم بشبكة أخرى نجح.,المستند المحدّث، مع مراعاة قرارات المستخدم اللاحقة,لا
R007,الأدوار والشبكة,تسمية نوع الصلاحية واختيار الإجراءات وربط الموظفين,95-122،426-438,محلي,أنواع الصلاحيات، الهوية والمستخدمون,access.js؛ staff-model.js؛ test-staff-profiles.cjs,يوجد 145 إذنًا مع بحث واختيارات وقوالب ونطاق. عدد الأذونات لا يثبت اكتمال وحدات غير موجودة أصلًا.,المستند المحدّث، مع مراعاة قرارات المستخدم اللاحقة,لا
R008,الأدوار والشبكة,موظف مبيعات داخل حساب الوكيل هو منفذ التمويل,36،94،107،426-438,محلي,المحافظ والتحويلات,operations-engine.js؛ workflow-engine.js؛ operations-ui.js؛ workflow-ui.js؛ test-operations.cjs؛ test-workflow.cjs؛ test-workflow-ui.cjs؛ test-xlsx-reader.cjs,التمويل يتطلب تبعية الموظف للممول؛ المدير أو الموظف المركزي يحتاج استثناءً موثقًا يستخدم مرة واحدة.,المستند المحدّث، مع مراعاة قرارات المستخدم اللاحقة,لا
R009,الأدوار والشبكة,حساب الموظف وكلمة المرور وتفعيل الحساب,95-122،618-650,محلي,الهوية والمستخدمون,completion-engine.js؛ completion-ui.js؛ operations-locales.js؛ completion-locales.js؛ test-completion.cjs؛ test-completion-ui.cjs؛ test-locales.cjs,حساب وكلمة مرور مشتقة وتفعيل، مع رحلة دخول محلي واستعادة وتغيير كلمة مؤقتة وإبطال الجلسات. مصادقة الإنتاج مسؤولية الخادم.,المستند المحدّث، مع مراعاة قرارات المستخدم اللاحقة,لا
R010,المزودون والفئات,اسم المزود والمجهز والجهة المنظمة ونوع الربط,143-164,محلي,الشركات والمزودون,app.js:schemas.providers,حقول مستقلة وإضافة وتعديل وتفعيل؛ تبقى دلالة الجهة المنظمة التجارية بحاجة تأكيد كما في المستند.,المستند المحدّث، مع مراعاة قرارات المستخدم اللاحقة,لا
R011,المزودون والفئات,شعار المزود وصورة التطبيق وصورة الوصل,143-164,محلي,الشركات والمزودون,operations-engine.js؛ workflow-engine.js؛ operations-ui.js؛ workflow-ui.js؛ test-operations.cjs؛ test-workflow.cjs؛ test-workflow-ui.cjs؛ test-xlsx-reader.cjs,حفظ شعار المزود وصورة التطبيق والوصل، مع أولوية صورة الفئة عند العرض.,المستند المحدّث، مع مراعاة قرارات المستخدم اللاحقة,لا
R012,المزودون والفئات,قائمة مستقلة لمصادر توريد الطلبيات,143-164،207-224,معلق,الشركات والمزودون، الطلبيات والاستيراد,الاجتماع الثالث 04:07–05:32؛ video/evidence-1-280.png؛ app.js,ظهرت قائمة المصادر في النظام القديم وشرح استخدامها. لا يكفي ذلك وحده لفرض قائمة مستقلة في الجديد؛ الموجود حقل مجهز. يبقى شكل إدارة المصادر غير محسوم ولا يُحسب نقصًا مؤكدًا.,وصف قديم يحتاج تثبيتًا,لا
R013,المزودون والفئات,الفئة والقيمة والعملة والمحلية والعالمية,165-205,محلي,المنتجات والفئات,app.js:schemas.products,الاسم والمزود والنوع والقيمة والعملة والتفعيل موجودة.,المستند المحدّث، مع مراعاة قرارات المستخدم اللاحقة,لا
R014,المزودون والفئات,صورة الفئة وترتيب العرض الفعلي,165-184,محلي,المنتجات والفئات، البيع,operations-engine.js؛ workflow-engine.js؛ operations-ui.js؛ workflow-ui.js؛ test-operations.cjs؛ test-workflow.cjs؛ test-workflow-ui.cjs؛ test-xlsx-reader.cjs,صورة الفئة وترتيبها مطبقان في شاشة البيع؛ الحفظ من المنتجات والفئات.,المستند المحدّث، مع مراعاة قرارات المستخدم اللاحقة,لا
R015,المزودون والفئات,السماح بالفئة لوكلاء ومحافظات محددة,165-184,محلي,المنتجات والفئات,operations-engine.js؛ workflow-engine.js؛ operations-ui.js؛ workflow-ui.js؛ test-operations.cjs؛ test-workflow.cjs؛ test-workflow-ui.cjs؛ test-xlsx-reader.cjs,اختيار الوكلاء والمحافظات بمربعات اختيار؛ يفرض المنع عند البيع.,المستند المحدّث، مع مراعاة قرارات المستخدم اللاحقة,لا
R016,المزودون والفئات,حد كمية العملية وحدود الكمية والمبلغ اليومي,165-184،380-394,محلي,المنتجات والفئات، البيع,engine.js:sell؛ test-engine.cjs,حدود الفئة والمزود تعمل محليًا وباليوم العراقي؛ راجع بند التجاوزات لكل جهاز ووكيل.,المستند المحدّث، مع مراعاة قرارات المستخدم اللاحقة,لا
R017,المزودون والفئات,منع البيع بسعر صفر مع تنبيه الجهات المعنية,165-184،297-326,محلي,البيع، الأسعار والاعتمادات,operations-engine.js؛ workflow-engine.js؛ operations-ui.js؛ workflow-ui.js؛ test-operations.cjs؛ test-workflow.cjs؛ test-workflow-ui.cjs؛ test-xlsx-reader.cjs,السعر غير الصالح يمنع الإصدار ويسجل تنبيهًا للجهة المعنية.,المستند المحدّث، مع مراعاة قرارات المستخدم اللاحقة,لا
R018,المزودون والفئات,اختيار بيانات البطاقة المطلوبة عبر جك بوكس,186-205،849,محلي,المنتجات والفئات,card-fields.js؛ test-card-fields.cjs,PIN والانتهاء إلزاميان، والسيريال وCVC والمرجع حسب الاختيار. هذا مطابق لتعديل المستخدم اللاحق.,المستند المحدّث، مع مراعاة قرارات المستخدم اللاحقة,لا
R019,المزودون والفئات,فصل سيريال النظام عن سيريال المزود,186-205,محلي,الطلبيات والاستيراد، بطاقات الدفعة، الوصل,engine.js:importBatch؛ app.js,لكل بطاقة internal مستقل وserial للمزود؛ عدم وجود سيريال المورد لا يلغي المعرف الداخلي.,المستند المحدّث، مع مراعاة قرارات المستخدم اللاحقة,لا
R020,المزودون والفئات,قوالب مرنة لحقول عالمية إضافية وطباعتها,186-205,محلي,المنتجات والفئات، الاستيراد، الوصل,operations-engine.js؛ workflow-engine.js؛ operations-ui.js؛ workflow-ui.js؛ test-operations.cjs؛ test-workflow.cjs؛ test-workflow-ui.cjs؛ test-xlsx-reader.cjs,حقول إضافية مسماة للفئة، مع تحديد الإلزام والتحقق عند الاستيراد وإظهار القيم في الوصل.,المستند المحدّث، مع مراعاة قرارات المستخدم اللاحقة,لا
R021,الاستيراد والمخزون,بيانات الطلبية والوكيل الرئيسي والمجهز والتكلفة,207-240,محلي,الطلبيات والاستيراد,engine.js:validateImport؛ app.js,النموذج يحدد الدفعة وفئتها وتكلفتها ومصاريفها، ويرفض مخزون الفرعي.,المستند المحدّث، مع مراعاة قرارات المستخدم اللاحقة,لا
R022,الاستيراد والمخزون,تحميل CSV أو لصق محتواه وتنزيل قالب للفئة,207-240,محلي,الطلبيات والاستيراد,app.js:importNext؛ card-fields.js,القالب يتبع الحقول المختارة. اللصق يحتاج محتوى CSV منظمًا؛ ليس أي ملف مزود بصيغته الأصلية.,المستند المحدّث، مع مراعاة قرارات المستخدم اللاحقة,لا
R023,الاستيراد والمخزون,TXT وExcel الأصلي وقوالب المزود وربط الأعمدة,207-240،727-746،847,محلي,الطلبيات والاستيراد,operations-engine.js؛ workflow-engine.js؛ operations-ui.js؛ workflow-ui.js؛ test-operations.cjs؛ test-workflow.cjs؛ test-workflow-ui.cjs؛ test-xlsx-reader.cjs,قراءة XLSX فعلي وCSV وTXT/TSV وربط الأعمدة وحفظ قالب المزود. اختبر Excel مع الأصفار البادئة والتاريخ. XLS القديم غير مدعوم؛ يحفظ بصيغة XLSX.,المستند المحدّث، مع مراعاة قرارات المستخدم اللاحقة,لا
R024,الاستيراد والمخزون,رفع ملفات متعددة والتعرف على الفئة لكل ملف,207-224،328,محلي,الطلبيات والاستيراد,operations-engine.js؛ workflow-engine.js؛ operations-ui.js؛ workflow-ui.js؛ test-operations.cjs؛ test-workflow.cjs؛ test-workflow-ui.cjs؛ test-xlsx-reader.cjs,رفع عدة ملفات وصفحات Excel، وتعيين الفئة والتكلفة وسعر التحميل لكل ملف. اقتراح الفئة عندما يتضمن الاسم معرفها؛ يلزم تأكيد الاختيار.,طلب تطوير صريح في التسجيل,لا
R025,الاستيراد والمخزون,فحص التكرار والنقص والانتهاء قبل الاعتماد,207-240,محلي,الطلبيات والاستيراد,engine.js:validateImport؛ test-card-fields.cjs,يفحص PIN والسيريال ضمن الفئة والتواريخ والحقول؛ يعرض أخطاء الصفوف ثم يحمل الصحيح.,المستند المحدّث، مع مراعاة قرارات المستخدم اللاحقة,لا
R026,الاستيراد والمخزون,حفظ المسودة ودورة مراجعة الدفعة والقبول الجزئي,207-240,معلق,الطلبيات والاستيراد,app.js:importNext؛ engine.js:importBatch,المعاينة وفحص الصفوف والتحميل الجزئي موجودة. الفقرات 227–239 تسمي الحالات مقترحة؛ غياب Draft أو Pending Review كدورة مستقلة ليس نقصًا مؤكدًا قبل اعتمادها.,حالات مقترحة وليست قرارًا نهائيًا,لا
R027,الاستيراد والمخزون,الكمية والتكلفة الدفترية وحالات البطاقات,242-289,محلي,المخزون والدفعات,engine.js:refreshBatch؛ reports.js,المتاح والمصدر والمطبوع والمحجور يظهرون محليًا. «تم إصدارها» لا يثبت شحن البطاقة عند شركة الاتصالات.,المستند المحدّث، مع مراعاة قرارات المستخدم اللاحقة,لا
R028,الاستيراد والمخزون,تحميل الدفعة يولد رصيد Voucher تشغيليًا,290-295،831-837,محلي,الطلبيات والاستيراد، المحافظ,operations-engine.js؛ workflow-engine.js؛ operations-ui.js؛ workflow-ui.js؛ test-operations.cjs؛ test-workflow.cjs؛ test-workflow-ui.cjs؛ test-xlsx-reader.cjs,تحميل دفعة جديدة ينشئ رصيد Voucher وفق سعر التحميل. الأرصدة النقدية السابقة محفوظة دون تحويل تلقائي؛ الرصيد الافتتاحي للمخزون السابق موثق بتكلفته.,المستند المحدّث، مع مراعاة قرارات المستخدم اللاحقة,لا
R029,الاستيراد والمخزون,منع حذف الدفعة بعد خروج بطاقات منها,207-240,محلي,المخزون والدفعات,engine.js:batchAction؛ test-engine.cjs,الإلغاء بعد الإصدار مرفوض، والإلغاء قبل الإصدار يمنع البيع. أثر القيد المالي العكسي غير موجود بعد.,المستند المحدّث، مع مراعاة قرارات المستخدم اللاحقة,لا
R030,الاستيراد والمخزون,FEFO ثم FIFO ومنع المنتهي والمحجور,569-576,محلي,المخزون والدفعات، البيع,engine.js:sell؛ test-engine.cjs,يختار الأقرب انتهاء ثم الأقدم إدخالًا ولا يسحب المحجور أو المنتهي.,المستند المحدّث، مع مراعاة قرارات المستخدم اللاحقة,لا
R031,الاستيراد والمخزون,كشف أن رمز البطاقة شحن عند المزود,850,ربط,المخزون والتكاملات,engine.js:sell,الحالة المحلية تعني بيعًا أو إصدارًا داخل النظام. إثبات شحن سابق يحتاج تحقق المزود أو إجراء معالجة موثق؛ ليس موجودًا حاليًا.,المستند المحدّث، مع مراعاة قرارات المستخدم اللاحقة,لا
R032,المحافظ والتمويل,دفاتر منفصلة Voucher وTop-up ولكل API,35،290-295،518-522,محلي,المحافظ والتحويلات، تكاملات API,operations-engine.js؛ workflow-engine.js؛ operations-ui.js؛ workflow-ui.js؛ test-operations.cjs؛ test-workflow.cjs؛ test-workflow-ui.cjs؛ test-xlsx-reader.cjs,دفتر رصيد منفصل للبطاقات وTop-up والنقد وكل مزود API، دون مقاصة تلقائية.,المستند المحدّث، مع مراعاة قرارات المستخدم اللاحقة,لا
R033,المحافظ والتمويل,تحويل الرئيسي لفروعه ونقاطه والفرعي لنقاطه,67-74،412-425,محلي,المحافظ والتحويلات,engine.js:transfer؛ test-engine.cjs,تحويل منفرد بقيدين متقابلين وفحص المبلغ والرصيد والتبعية؛ لا يغطي مسار طلبات التمويل الجديد.,المستند المحدّث، مع مراعاة قرارات المستخدم اللاحقة,لا
R034,المحافظ والتمويل,طلب تمويل من المستفيد مع حالة انتظار,426-438,محلي,غير موجودة,operations-engine.js؛ workflow-engine.js؛ operations-ui.js؛ workflow-ui.js؛ test-operations.cjs؛ test-workflow.cjs؛ test-workflow-ui.cjs؛ test-xlsx-reader.cjs,طلب تمويل يتضمن المصدر والمستفيد والخدمة والمبلغ والغرض وحالة الطلب.,المستند المحدّث، مع مراعاة قرارات المستخدم اللاحقة,لا
R035,المحافظ والتمويل,اعتماد عدة طلبات بمبالغ مختلفة دفعة واحدة,37،426-438,محلي,غير موجودة,operations-engine.js؛ workflow-engine.js؛ operations-ui.js؛ workflow-ui.js؛ test-operations.cjs؛ test-workflow.cjs؛ test-workflow-ui.cjs؛ test-xlsx-reader.cjs,تحديد عدة طلبات واعتماد مبالغ مختلفة، مع معالجة مستقلة لكل مستفيد.,المستند المحدّث، مع مراعاة قرارات المستخدم اللاحقة,لا
R036,المحافظ والتمويل,حجز الرصيد عند اعتماد التمويل وتسوية كل مستفيد,426-438,محلي,غير موجودة,operations-engine.js؛ workflow-engine.js؛ operations-ui.js؛ workflow-ui.js؛ test-operations.cjs؛ test-workflow.cjs؛ test-workflow-ui.cjs؛ test-xlsx-reader.cjs,اعتماد طلب منفرد يحجز المبلغ من المتاح ثم يسلم للمستفيد أو يحرر الحجز. التنفيذ الجماعي المحلي يعالج كل تحويل على حدة.,المستند المحدّث، مع مراعاة قرارات المستخدم اللاحقة,لا
R037,المحافظ والتمويل,منع تكرار التحويل والنقر المزدوج,37،426-438،658,محلي,المحافظ والتحويلات,operations-engine.js؛ workflow-engine.js؛ operations-ui.js؛ workflow-ui.js؛ test-operations.cjs؛ test-workflow.cjs؛ test-workflow-ui.cjs؛ test-xlsx-reader.cjs,معرف ثابت يمنع تكرار التمويل أو طلب الخدمة؛ الطلب المختلف بنفس المعرف مرفوض.,المستند المحدّث، مع مراعاة قرارات المستخدم اللاحقة,لا
R038,المحافظ والتمويل,عكس تحويل مالي مع مرجع وسبب,426-438,محلي,المحافظ والتحويلات,operations-engine.js؛ workflow-engine.js؛ operations-ui.js؛ workflow-ui.js؛ test-operations.cjs؛ test-workflow.cjs؛ test-workflow-ui.cjs؛ test-xlsx-reader.cjs,عكس تحويل مسجل مع سبب ومرجع، ويمنع العكس إذا استهلك المستفيد الرصيد.,المستند المحدّث، مع مراعاة قرارات المستخدم اللاحقة,لا
R039,المحافظ والتمويل,تقرير التمويل لكل مستفيد وإشعاره,426-438,محلي,التقارير، المحافظ,operations-engine.js؛ workflow-engine.js؛ operations-ui.js؛ workflow-ui.js؛ test-operations.cjs؛ test-workflow.cjs؛ test-workflow-ui.cjs؛ test-xlsx-reader.cjs,سجل تمويل حسب المستفيد والخدمة والنتيجة، وإشعار محلي للمستفيد.,المستند المحدّث، مع مراعاة قرارات المستخدم اللاحقة,لا
R040,المحافظ والتمويل,استيراد تمويل جماعي من Excel أو CSV,426-438,محلي,غير موجودة,operations-engine.js؛ workflow-engine.js؛ operations-ui.js؛ workflow-ui.js؛ test-operations.cjs؛ test-workflow.cjs؛ test-workflow-ui.cjs؛ test-xlsx-reader.cjs,قراءة المستفيد والمبلغ من XLSX وCSV/TXT؛ مراجعة الأسطر ثم تنفيذ المجموعة.,المستند المحدّث، مع مراعاة قرارات المستخدم اللاحقة,لا
R041,المحافظ والتمويل,تمويل تلقائي اختياري بعتبات وحدود وموافقتين,426-438,معلق,غير موجودة,app.js؛ engine.js,ورد كخيار اختياري. لا يُحسب غيابه ضمن النواقص المؤكدة؛ يبقى التمويل الجماعي المطلوب صراحة بندًا منفصلًا.,خيار مقترح,لا
R042,المحافظ والتمويل,دين وسقف ائتمان وتحصيل مندوب أو QiCard,835-836،412-425,محلي,المحافظ والتحويلات,operations-engine.js؛ workflow-engine.js؛ operations-ui.js؛ workflow-ui.js؛ test-operations.cjs؛ test-workflow.cjs؛ test-workflow-ui.cjs؛ test-xlsx-reader.cjs,فواتير وذمم وتحصيل مندوب أو QiCard أو مصرف وسقف يمنع تحميل دفعة تتجاوزه. إثبات تحصيل QiCard محلي وليس اتصالًا بالخدمة.,المستند المحدّث، مع مراعاة قرارات المستخدم اللاحقة,لا
R043,المحافظ والتمويل,مطابقة الرصيد التشغيلي بالمخزون والتوزيعات والحجوزات,290-295،600-603,محلي,التقارير، المحافظ,operations-engine.js؛ workflow-engine.js؛ operations-ui.js؛ workflow-ui.js؛ test-operations.cjs؛ test-workflow.cjs؛ test-workflow-ui.cjs؛ test-xlsx-reader.cjs,مطابقة قيمة البطاقات المتاحة والمحجوزة مع رصيد الرئيسي والرصيد الموزع، وإظهار الفرق.,المستند المحدّث، مع مراعاة قرارات المستخدم اللاحقة,لا
R044,الأسعار والمحاسبة,سعر مستقل لكل وكيل وفئة مع حد أدنى,297-326,محلي,الأسعار والاعتمادات,engine.js:proposePrices؛ test-owner-prices.cjs,التغيير يطبق على الوكيل المحدد وفئته، وليس تلقائيًا على كل وكلاء النظام.,المستند المحدّث، مع مراعاة قرارات المستخدم اللاحقة,لا
R045,الأسعار والمحاسبة,تسعير المحافظة والمنطقة وسعر الصرف وتاريخ النفاذ,297-326,محلي,الأسعار والاعتمادات,operations-engine.js؛ workflow-engine.js؛ operations-ui.js؛ workflow-ui.js؛ test-operations.cjs؛ test-workflow.cjs؛ test-workflow-ui.cjs؛ test-xlsx-reader.cjs,سياسة سعر للوكيل والفئة والمحافظة وتاريخ النفاذ وسعر الصرف؛ يطبق السعر في الإصدار ويحفظ السعر التاريخي.,المستند المحدّث، مع مراعاة قرارات المستخدم اللاحقة,لا
R046,الأسعار والمحاسبة,قالب أسعار بإصدار ومعاينة وتحقيق المعرفات,297-326,محلي,الأسعار والاعتمادات,app.js:downloadPrices/importPrices,قالب CSV بإصدار ومعرف وكيل وفئة، مع منع التكرار. ليس استيراد Excel أصليًا أو ملف أي مزود.,المستند المحدّث، مع مراعاة قرارات المستخدم اللاحقة,لا
R047,الأسعار والمحاسبة,اعتماد مدير النظام لسعره فورًا,315،طلب المستخدم اللاحق,قرار,الأسعار والاعتمادات,test-owner-prices.cjs؛ engine.js:proposePrices,استُثني اشتراط مراجع ثانٍ لأسعار مدير النظام بطلبك. يبقى تعديل المدير مباشرًا، ولا يدخل هذا الاستثناء ضمن النواقص أو خطة التغيير.,مستثنى بقرار المستخدم,لا
R048,الأسعار والمحاسبة,اعتماد شخص آخر لغير المدير والتراجع عن الأسعار,297-326,محلي,الأسعار والاعتمادات,test-engine.cjs؛ engine.js:approvePrices/reversePrices,المراجعة والتحقق من تغير السعر والتراجع موجودة؛ البيع السابق يحتفظ بسعره المسجل.,المستند المحدّث، مع مراعاة قرارات المستخدم اللاحقة,لا
R049,الأسعار والمحاسبة,سعر تحميل ثابت لكل وكيل ودفعة,327-335،837,محلي,الطلبيات والاستيراد، الأسعار,operations-engine.js؛ workflow-engine.js؛ operations-ui.js؛ workflow-ui.js؛ test-operations.cjs؛ test-workflow.cjs؛ test-workflow-ui.cjs؛ test-xlsx-reader.cjs,يثبت سعر التحميل في الدفعة والفاتورة عند الاعتماد.,المستند المحدّث، مع مراعاة قرارات المستخدم اللاحقة,لا
R050,الأسعار والمحاسبة,فاتورة ماسال وربحها عند تحميل الدفعة,327-335،837,محلي,التقارير، الطلبيات,operations-engine.js؛ workflow-engine.js؛ operations-ui.js؛ workflow-ui.js؛ test-operations.cjs؛ test-workflow.cjs؛ test-workflow-ui.cjs؛ test-xlsx-reader.cjs,فاتورة وقيمة وتكلفة وربح ماسال عند تحميل الدفعة، دون انتظار بيع نقطة البيع. لا فواتير مختلقة للدفعات السابقة.,المستند المحدّث، مع مراعاة قرارات المستخدم اللاحقة,لا
R051,الأسعار والمحاسبة,عقد عمولة أو إعادة بيع لكل وكيل,327-335،838-839,محلي,الوكلاء والشجرة,operations-engine.js؛ workflow-engine.js؛ operations-ui.js؛ workflow-ui.js؛ test-operations.cjs؛ test-workflow.cjs؛ test-workflow-ui.cjs؛ test-xlsx-reader.cjs,اختيار إعادة بيع أو عمولة للوحدة عند التحميل؛ نموذج الحساب محفوظ في الفاتورة.,المستند المحدّث، مع مراعاة قرارات المستخدم اللاحقة,لا
R052,الأسعار والمحاسبة,فصل ربح ماسال والوكيل وربح نقطة البيع,327-335,محلي,مركز التقارير الشامل,operations-engine.js؛ workflow-engine.js؛ operations-ui.js؛ workflow-ui.js؛ test-operations.cjs؛ test-workflow.cjs؛ test-workflow-ui.cjs؛ test-xlsx-reader.cjs,عرض ربح/إيراد ماسال وهامش الوكيل وهامش النقطة منفصلة. هامش النقطة يعتمد سعر التجزئة المدخل؛ إن لم يدخل، يكون مساويًا لسعر استقطاعها.,المستند المحدّث، مع مراعاة قرارات المستخدم اللاحقة,لا
R053,الأسعار والمحاسبة,لا رسوم ولا ضرائب حاليًا,335،842,محلي,البيع والعمليات,engine.js:sell,الإجمالي هو الكمية × السعر، دون إضافة ضريبة أو رسم تلقائي.,المستند المحدّث، مع مراعاة قرارات المستخدم اللاحقة,لا
R054,البيع والطباعة,بيع كمية من مخزن الرئيسي وخصم النقطة,338-378،844-846,محلي,البيع والطباعة، سجل العمليات,engine.js:sell؛ test-engine.cjs,اختيار البطاقات والخصم واللقطة السعرية موجودة محليًا. لا مخزون مستقل للنقطة أو نقل بطاقات بين الوكلاء.,المستند المحدّث، مع مراعاة قرارات المستخدم اللاحقة,لا
R055,البيع والطباعة,منع تكرار البيع بنفس معرف الطلب,338-378،658,محلي,البيع والطباعة,engine.js:sell؛ test-engine.cjs,إعادة نفس المفتاح تعيد العملية السابقة دون خصم ثانٍ. حماية أجهزة متعددة تتطلب قفلًا ومعاملة بالخادم.,المستند المحدّث، مع مراعاة قرارات المستخدم اللاحقة,لا
R056,البيع والطباعة,حجز غير مكشوف ثم كشف وإصدار مع تحرير الفشل,338-378,محلي,البيع والطباعة,operations-engine.js؛ workflow-engine.js؛ operations-ui.js؛ workflow-ui.js؛ test-operations.cjs؛ test-workflow.cjs؛ test-workflow-ui.cjs؛ test-xlsx-reader.cjs,حجز البطاقات دون كشف الرموز، إلغاؤه يعيد المتاح؛ الإصدار يستخدم البطاقات نفسها ويخصم مرة واحدة.,المستند المحدّث، مع مراعاة قرارات المستخدم اللاحقة,لا
R057,البيع والطباعة,عدم إرجاع PIN المكشوف للبيع عند فشل الطباعة,338-378,محلي,استثناءات الطباعة، سجل العمليات,test-engine.cjs,الفشل يحتفظ بالبطاقة للعملية نفسها، وإعادة الطباعة لا تخصم مرة أخرى.,المستند المحدّث، مع مراعاة قرارات المستخدم اللاحقة,لا
R058,البيع والطباعة,طباعة المتصفح وتسجيل نجاح أو فشل,338-378,محلي,وصل العملية,app.js:printReceipt/printResult,زر المتصفح يفتح حواره؛ النتيجة تسجل يدويًا. فتح الحوار لا يثبت خروج الورقة.,المستند المحدّث، مع مراعاة قرارات المستخدم اللاحقة,لا
R059,البيع والطباعة,إعادة طباعة مع سبب وعدد ومحاولة ومستخدم وجهاز,338-378,محلي,سجل العمليات، استثناءات الطباعة,engine.js:reprint؛ audit-details.js,السبب والعدّاد وسجل المحاولات والوصل نفسه موجودة محليًا.,المستند المحدّث، مع مراعاة قرارات المستخدم اللاحقة,لا
R060,البيع والطباعة,تطبيق حد إعادة الطباعة المخصص للوكيل,338-378,محلي,هوية الوكيل والوصل، نقاط البيع,operations-engine.js؛ workflow-engine.js؛ operations-ui.js؛ workflow-ui.js؛ test-operations.cjs؛ test-workflow.cjs؛ test-workflow-ui.cjs؛ test-xlsx-reader.cjs,الحد الفعال هو الأقل بين حد الوكيل وحد الجهاز. اختبر منع المحاولة عندما حد الوكيل صفر.,المستند المحدّث، مع مراعاة قرارات المستخدم اللاحقة,لا
R061,البيع والطباعة,طلب إذن تجاوز الحد واعتماده دون تغيير السياسة العامة,338-378،855,محلي,استثناءات الطباعة,operations-engine.js؛ workflow-engine.js؛ operations-ui.js؛ workflow-ui.js؛ test-operations.cjs؛ test-workflow.cjs؛ test-workflow-ui.cjs؛ test-xlsx-reader.cjs,طلب استثناء لعملية واحدة، اعتماد أو رفض، ثم محاولة إضافية واحدة دون تغيير الحد العام.,المستند المحدّث، مع مراعاة قرارات المستخدم اللاحقة,لا
R062,البيع والطباعة,تخصيص حدود البيع حسب الوكيل أو الجهاز,380-394,محلي,الفئات، الأمان، نقاط البيع,operations-engine.js؛ workflow-engine.js؛ operations-ui.js؛ workflow-ui.js؛ test-operations.cjs؛ test-workflow.cjs؛ test-workflow-ui.cjs؛ test-xlsx-reader.cjs,حدود عدد ومبلغ حسب الوكيل والجهاز والفئة؛ يطبق الأقل.,المستند المحدّث، مع مراعاة قرارات المستخدم اللاحقة,لا
R063,البيع والطباعة,وصل بشعار وهوية الوكيل ومقاس 58 أو 80,396-410,محلي,هوية الوكيل والوصل,app.js:loadBrand/saveBrand؛ index.html,الشعار واللون والنصوص والدعم والعرض موجودة؛ لا تعني تكامل طابعة POS.,المستند المحدّث، مع مراعاة قرارات المستخدم اللاحقة,لا
R064,البيع والطباعة,قالب مختلف لكل مزود وفئة ولغة وحقول البطاقة,396-410,محلي,هوية الوكيل والوصل,completion-engine.js؛ completion-ui.js؛ operations-locales.js؛ completion-locales.js؛ test-completion.cjs؛ test-completion-ui.cjs؛ test-locales.cjs,قالب وصورة وحقول وترويسة وتذييل وعرض لكل فئة، ولغة وصل مستقلة عن لغة الواجهة بالعربية والإنكليزية والكوردية. اختبر وصل English بواجهة عربية.,المستند المحدّث، مع مراعاة قرارات المستخدم اللاحقة,لا
R065,البيع والطباعة,بيع وطباعة الجملة من كاشيرة الجملة,344،852-858,محلي,البيع والطباعة,operations-engine.js؛ workflow-engine.js؛ operations-ui.js؛ workflow-ui.js؛ test-operations.cjs؛ test-workflow.cjs؛ test-workflow-ui.cjs؛ test-xlsx-reader.cjs,كاشيرة جملة تقسم الكمية إلى عمليات ضمن الحدود وتستأنف بالمفتاح نفسه دون تكرار. إرسال الطباعة للطابعة يبقى عبر الوصل والمحاكاة.,المستند المحدّث، مع مراعاة قرارات المستخدم اللاحقة,لا
R066,البيع والطباعة,طابعات POS وبلوتوث وسلكية مع تأكيد الجهاز,440-468،852-858,ربط,البيع والطباعة,app.js:printReceipt,لا يوجد SDK طابعة أو تطبيق جهاز. يلزم نموذج أجهزة وتجارب حقيقية؛ حالة online الحالية تجريبية.,المستند المحدّث، مع مراعاة قرارات المستخدم اللاحقة,لا
R067,البيع والطباعة,مشاركة آمنة بدل الطباعة مع Delivery Channel,440-468،860,محلي,وصل العملية,operations-engine.js؛ workflow-engine.js؛ operations-ui.js؛ workflow-ui.js؛ test-operations.cjs؛ test-workflow.cjs؛ test-workflow-ui.cjs؛ test-xlsx-reader.cjs,تسليم البطاقات نفسها بملف مشفر وقناة ومرجع تسليم، وأداة فك تشفير محلية. لا إرسال خارجي تلقائي.,المستند المحدّث، مع مراعاة قرارات المستخدم اللاحقة,لا
R068,البيع والطباعة,منع البيع دون اتصال في الإصدار الأول,440-468،856-857,محلي,نقاط البيع، البيع,engine.js:sell,يرفض الجهاز المحدد offline محليًا. اكتشاف الاتصال الحقيقي وصحة الحالة من الخادم غير موجودين.,المستند المحدّث، مع مراعاة قرارات المستخدم اللاحقة,لا
R069,نقاط البيع والموقع,بيانات النقطة والعنوان والاتصال والجهاز والموقع,440-468,محلي,نقاط البيع والأجهزة,app.js:schemas.pos,حقول الاسم والمالك والوكيل والهاتف والعنوان والإحداثيات والسيريال والطراز والإصدار موجودة.,المستند المحدّث، مع مراعاة قرارات المستخدم اللاحقة,لا
R070,نقاط البيع والموقع,ربط اختياري إلزامي بالجهاز ومعرف تثبيت وشهادة,440-468,ربط,نقاط البيع والأجهزة,completion-engine.js؛ completion-ui.js؛ operations-locales.js؛ completion-locales.js؛ test-completion.cjs؛ test-completion-ui.cjs؛ test-locales.cjs,واجهة ربط الجهاز والسيريال ومعرف التثبيت ومرجع الشهادة موجودة وتفرض محليًا. إصدار الشهادة والتحقق من الجهاز الحقيقي يتطلبان الربط.,المستند المحدّث، مع مراعاة قرارات المستخدم اللاحقة,لا
R071,نقاط البيع والموقع,آخر اتصال والمستخدم المتصل والجلسات الحقيقية,440-468،705-724,ربط,نقاط البيع، المراقبة,engine.js:seed؛ index.html,البيانات المعروضة محلية/تجريبية ولا تمثل نبض أجهزة حقيقية.,المستند المحدّث، مع مراعاة قرارات المستخدم اللاحقة,لا
R072,نقاط البيع والموقع,عرض خريطة الانتشار وتصفية وتصدير,470-484,قرار,خريطة الانتشار,index.html؛ طلب المستخدم,أوقفتَ تنفيذ خريطة الانتشار وأبقيت رسالة الربط لاحقًا. مستثناة من النواقص وخطة التغيير ولا يُعاد طلب تنفيذها.,مستثنى بقرار المستخدم,لا
R073,نقاط البيع والموقع,سياسة GPS وحدود المحافظة وسماحية واستثناء مؤقت,485-494,محلي,الأمان، نقاط البيع,operations-engine.js؛ workflow-engine.js؛ operations-ui.js؛ workflow-ui.js؛ test-operations.cjs؛ test-workflow.cjs؛ test-workflow-ui.cjs؛ test-xlsx-reader.cjs,سياسة تنبيه أو حظر للمحافظة المسجلة واستثناء زمني؛ GPS الحقيقي وتحقق سلامة الموقع ينتظران ربط الجهاز.,المستند المحدّث، مع مراعاة قرارات المستخدم اللاحقة,لا
R074,API والخدمات,سجل مزود مرتبط بوكيل وبيئة اختبار/إنتاج,496-517,محلي,تكاملات API,operations-engine.js؛ workflow-engine.js؛ operations-ui.js؛ workflow-ui.js؛ test-operations.cjs؛ test-workflow.cjs؛ test-workflow-ui.cjs؛ test-xlsx-reader.cjs,إعداد لكل وكيل ومزود وبيئة وصلاحية وتفعيل محلي بعد اختبار.,المستند المحدّث، مع مراعاة قرارات المستخدم اللاحقة,لا
R075,API والخدمات,إدخال Token مخفي وتدويره واختبار الاتصال,496-517,ربط,تكاملات API,completion-engine.js؛ completion-ui.js؛ operations-locales.js؛ completion-locales.js؛ test-completion.cjs؛ test-completion-ui.cjs؛ test-locales.cjs,تدوير تعريف الرمز واختبار الإعداد موجودان كمحاكاة. إصدار Token إنتاجي وخزنته واختبار اتصال المزود مسؤولية الخادم؛ لا تحفظ أسرار المزود في المتصفح.,المستند المحدّث، مع مراعاة قرارات المستخدم اللاحقة,لا
R076,API والخدمات,مزامنة منتجات API وتفعيلها بعد الاختبار,496-517,محلي,تكاملات API، الفئات,operations-engine.js؛ workflow-engine.js؛ operations-ui.js؛ workflow-ui.js؛ test-operations.cjs؛ test-workflow.cjs؛ test-workflow-ui.cjs؛ test-xlsx-reader.cjs,كتالوج منتجات للمزود مع تكلفة وسعر، يفحص ويحفظ بعد الاختبار ويستخدم في اختيار الخدمة؛ المزامنة الشبكية تنتظر API.,المستند المحدّث، مع مراعاة قرارات المستخدم اللاحقة,لا
R077,API والخدمات,محفظة Top-up وتمويلها وسقف استهلاك النقاط,518-522,محلي,غير موجودة,operations-engine.js؛ workflow-engine.js؛ operations-ui.js؛ workflow-ui.js؛ test-operations.cjs؛ test-workflow.cjs؛ test-workflow-ui.cjs؛ test-xlsx-reader.cjs,محفظة Top-up مستقلة، تمويل وخصم تكلفة الطلب مرة واحدة؛ النتيجة غير المعروفة تحفظ الحجز والفشل النهائي يعكسه.,المستند المحدّث، مع مراعاة قرارات المستخدم اللاحقة,لا
R078,API والخدمات,محفظة الرابعة وكل مزود مع خصم التكلفة,518-522,محلي,تكاملات API، المحافظ,operations-engine.js؛ workflow-engine.js؛ operations-ui.js؛ workflow-ui.js؛ test-operations.cjs؛ test-workflow.cjs؛ test-workflow-ui.cjs؛ test-xlsx-reader.cjs,محفظة لكل API، وخصم التكلفة مع فصل السعر والربح؛ محاكاة استجابة المزود فقط.,المستند المحدّث، مع مراعاة قرارات المستخدم اللاحقة,لا
R079,API والخدمات,حالة مجهولة واستعلام وWebhook وIdempotency,522،862-873,معلق,تكاملات API,المستند نفسه؛ app.js,المستند يقر بنقص مواصفات v2.1. يلزم عقد تكامل نهائي ثم تصميم حالات واجهة وعملية مطابقة، ولا يدّعى الربط الحالي.,المستند المحدّث، مع مراعاة قرارات المستخدم اللاحقة,لا
R080,الدعم والإشعارات,تذكرة بعنوان ووصف وأولوية ورد وإغلاق وتصعيد,526-545,محلي,الدعم الفني,app.js:saveTicket/replyTicket/ticketStatus,الدورة الأساسية محلية وقابلة للفحص، ولا يوجد إرسال خارجي تلقائي.,المستند المحدّث، مع مراعاة قرارات المستخدم اللاحقة,لا
R081,الدعم والإشعارات,مرفقات تذكرة الدعم,526-545,محلي,الدعم الفني,operations-engine.js؛ workflow-engine.js؛ operations-ui.js؛ workflow-ui.js؛ test-operations.cjs؛ test-workflow.cjs؛ test-workflow-ui.cjs؛ test-xlsx-reader.cjs,أعيد التحقق: مرفق صورة التذكرة موجود مسبقًا في نموذج فتح التذكرة وتفاصيلها؛ لم يكن نقصًا فعليًا.,المستند المحدّث، مع مراعاة قرارات المستخدم اللاحقة,لا
R082,الدعم والإشعارات,توجيه الدعم للوكيل المباشر أولًا,526-545,محلي,الدعم الفني، الوصل,operations-engine.js؛ workflow-engine.js؛ operations-ui.js؛ workflow-ui.js؛ test-operations.cjs؛ test-workflow.cjs؛ test-workflow-ui.cjs؛ test-xlsx-reader.cjs,بيانات الدعم المباشر تعرض من الوكيل المرتبط، والتذكرة مرتبطة بوكيلها مع التصعيد للإدارة.,المستند المحدّث، مع مراعاة قرارات المستخدم اللاحقة,لا
R083,الدعم والإشعارات,إشعار عام أو مستفيد محدد مع صورة,547-567,محلي,الإشعارات والتنبيهات,app.js:sendNotification,إنشاء محلي لجمهور واحد أو الكل وصورة موجود، وليس Push خارجيًا.,المستند المحدّث، مع مراعاة قرارات المستخدم اللاحقة,لا
R084,الدعم والإشعارات,إشعار مجموعة مختارة أو كل نقاط وكيل,547-567,محلي,الإشعارات والتنبيهات,operations-engine.js؛ workflow-engine.js؛ operations-ui.js؛ workflow-ui.js؛ test-operations.cjs؛ test-workflow.cjs؛ test-workflow-ui.cjs؛ test-xlsx-reader.cjs,تحديد عدة مستلمين وإدراج فروع ونقاط الوكلاء المختارين؛ نقطة البيع ترى إشعار وكيلها.,المستند المحدّث، مع مراعاة قرارات المستخدم اللاحقة,لا
R085,الدعم والإشعارات,تنبيهات المخزون والانتهاء والفشل والحدود,556-567،705-724,محلي,الإشعارات والتنبيهات، المراقبة,operations-engine.js؛ workflow-engine.js؛ operations-ui.js؛ workflow-ui.js؛ test-operations.cjs؛ test-workflow.cjs؛ test-workflow-ui.cjs؛ test-xlsx-reader.cjs,فحص محلي للمخزون والانتهاء وفشل الطباعة، مع حد مخزون قابل للتعديل ومنع تكرار الحدث.,المستند المحدّث، مع مراعاة قرارات المستخدم اللاحقة,لا
R086,الدعم والإشعارات,توجيه تنبيه تشغيلي وأمني وPush/بريد حسب الخطورة,724,محلي,المراقبة، الإشعارات,completion-engine.js؛ completion-ui.js؛ operations-locales.js؛ completion-locales.js؛ test-completion.cjs؛ test-completion-ui.cjs؛ test-locales.cjs,قواعد حسب الخطورة والمستلم والقناة ومدة التصعيد، وطابور مستحق لا يكرر الحدث. الداخل يسلم محليًا، والبريد وPush يبقيان جاهزين للربط دون ادعاء إرسال.,المستند المحدّث، مع مراعاة قرارات المستخدم اللاحقة,لا
R087,التالف والتصدير,حجر البطاقات المتبقية وفتح مطالبة بسبب,578-599,محلي,التالف والمطالبات,engine.js:claim؛ test-engine.cjs,الحجر يمنع البيع ويفتح مطالبة محلية ويربطها بالدفعة.,المستند المحدّث، مع مراعاة قرارات المستخدم اللاحقة,لا
R088,التالف والتصدير,تصدير مشفر ومنع إعادة بيع الرموز المصدرة,578-599,محلي,التصدير الآمن,app.js:exportEncrypted؛ decrypt.html,تشفير AES-GCM محلي بكلمة مرور ومنع حالة Exported من إعادة التفعيل؛ لا PIN في التقرير العام.,المستند المحدّث، مع مراعاة قرارات المستخدم اللاحقة,لا
R089,التالف والتصدير,طلب تصدير واعتماد وتنزيل محدود الصلاحية,578-599,ربط,التصدير الآمن,completion-engine.js؛ completion-ui.js؛ operations-locales.js؛ completion-locales.js؛ test-completion.cjs؛ test-completion-ui.cjs؛ test-locales.cjs,طلبات التصدير والحجر والاعتماد ومهلة إنشاء التنزيل مطبقة؛ تنزيل قابل للإلغاء من الخادم هو المتبقي، ولا يمكن إلغاء ملف سبق تنزيله.,المستند المحدّث، مع مراعاة قرارات المستخدم اللاحقة,لا
R090,التالف والتصدير,سحب الرصيد التشغيلي المقابل للمتبقي عند الحجر/السحب,593،600-603,محلي,التالف والمطالبات، المحافظ,operations-engine.js؛ workflow-engine.js؛ operations-ui.js؛ workflow-ui.js؛ test-operations.cjs؛ test-workflow.cjs؛ test-workflow-ui.cjs؛ test-xlsx-reader.cjs,الحجر أو السحب يسحب رصيد المتبقي مرة واحدة، ويطلب استرجاع الرصيد الموزع عند عدم كفاية رصيد الرئيسي.,المستند المحدّث، مع مراعاة قرارات المستخدم اللاحقة,لا
R091,التالف والتصدير,نتائج استبدال أو تعويض أو رفض أو إعادة تفعيل,578-603,محلي,التالف والمطالبات,operations-engine.js؛ workflow-engine.js؛ operations-ui.js؛ workflow-ui.js؛ test-operations.cjs؛ test-workflow.cjs؛ test-workflow-ui.cjs؛ test-xlsx-reader.cjs,نتائج إعادة تفعيل أو بديل أو تعويض أو رفض أو خسارة مرتبطة بتأثيراتها المحلية.,المستند المحدّث، مع مراعاة قرارات المستخدم اللاحقة,لا
R092,التالف والتصدير,ربط المطالبة بدفعة بديلة واستعادة الرصيد المتفق عليه,600-603,محلي,التالف والمطالبات، الاستيراد,operations-engine.js؛ workflow-engine.js؛ operations-ui.js؛ workflow-ui.js؛ test-operations.cjs؛ test-workflow.cjs؛ test-workflow-ui.cjs؛ test-xlsx-reader.cjs,ربط المطالبة بدفعة بديلة معتمدة؛ رصيد البديل يسجل عند تحميله ويمنع استخدام الدفعة بديلًا لمطالبتين.,المستند المحدّث، مع مراعاة قرارات المستخدم اللاحقة,لا
R093,التالف والتصدير,التعويض النقدي بقيد مستقل والخسارة بعد اعتماد,600-603,محلي,التالف والمطالبات,operations-engine.js؛ workflow-engine.js؛ operations-ui.js؛ workflow-ui.js؛ test-operations.cjs؛ test-workflow.cjs؛ test-workflow-ui.cjs؛ test-xlsx-reader.cjs,التعويض إلى محفظة النقد مستقلاً؛ الخسارة والرفض يحتاجان صلاحية اعتماد خسارة.,المستند المحدّث، مع مراعاة قرارات المستخدم اللاحقة,لا
R094,التالف والتصدير,مطابقة المسحوب والمباع والبديل والمرفوض,600-603,محلي,التقارير، المطالبات,operations-engine.js؛ workflow-engine.js؛ operations-ui.js؛ workflow-ui.js؛ test-operations.cjs؛ test-workflow.cjs؛ test-workflow-ui.cjs؛ test-xlsx-reader.cjs,جدول مطابقة كمية المطالبة والصادر والدفعة البديلة والتعويض والنتيجة، مع مطابقة الرصيد التشغيلي.,المستند المحدّث، مع مراعاة قرارات المستخدم اللاحقة,لا
R095,الأمان والتدقيق,مفاتيح تشغيل التطبيق والبيع والطباعة والتفعيل,605-616,محلي,الأمان والتشغيل,engine.js:require/sell؛ access.js,منع التشغيل والبيع والطباعة وتعطيل الكيانات مطبق محليًا؛ الأثر على جلسات حقيقية يحتاج خادمًا.,المستند المحدّث، مع مراعاة قرارات المستخدم اللاحقة,لا
R096,الأمان والتدقيق,تشغيل التسجيل والدخول وإنهاء الجلسة,605-616,محلي,الأمان، نقاط البيع,completion-engine.js؛ completion-ui.js؛ operations-locales.js؛ completion-locales.js؛ test-completion.cjs؛ test-completion-ui.cjs؛ test-locales.cjs,جلسات محلية وتسجيل دخول وإبطال بعد الاستعادة، وانتهاء الخمول واشتراط جلسة للعمليات عند تفعيل السياسة. بيانات الجلسات المحفوظة لا تمنح دخولًا بعد إعادة تحميل النسخة.,المستند المحدّث، مع مراعاة قرارات المستخدم اللاحقة,لا
R097,الأمان والتدقيق,حد أدنى لإصدار التطبيق وحد أدنى لنظام التشغيل,617,محلي,الأمان والتشغيل,operations-engine.js؛ workflow-engine.js؛ operations-ui.js؛ workflow-ui.js؛ test-operations.cjs؛ test-workflow.cjs؛ test-workflow-ui.cjs؛ test-xlsx-reader.cjs,يفرض حد التطبيق ونظام التشغيل على الإصدار المحلي وفق بيانات الجهاز المسجلة.,المستند المحدّث، مع مراعاة قرارات المستخدم اللاحقة,لا
R098,الأمان والتدقيق,2FA للحساس واستعادة وبيومترية,618-650,ربط,الهوية والمستخدمون، الأمان,completion-engine.js؛ completion-ui.js؛ operations-locales.js؛ completion-locales.js؛ test-completion.cjs؛ test-completion-ui.cjs؛ test-locales.cjs,تفعيل تحقق بخطوتين وأكواد استعادة مشتقة لمرة واحدة، وتأكيد حساس لمدة خمس دقائق يفرض على الإجراءات. واجهة فحص دعم Passkey موجودة؛ التسجيل البيومتري الحقيقي يحتاج HTTPS وخادم المصادقة.,المستند المحدّث، مع مراعاة قرارات المستخدم اللاحقة,لا
R099,الأمان والتدقيق,نسيان كلمة المرور وOTP ومؤقتة وتغيير أول دخول,618-650,محلي,الهوية والمستخدمون,completion-engine.js؛ completion-ui.js؛ operations-locales.js؛ completion-locales.js؛ test-completion.cjs؛ test-completion-ui.cjs؛ test-locales.cjs,رحلة نسيان كلمة وOTP مدته دقيقتان وخمس محاولات وإعادة تعيين وإبطال الجلسات، مع تغيير أول دخول وأكواد احتياطية. قناة OTP محلية ظاهرة للاختبار وليست إرسال SMS/بريد.,المستند المحدّث، مع مراعاة قرارات المستخدم اللاحقة,لا
R100,الأمان والتدقيق,الخمول وحظر IP وVPN ومخاطر الموقع,651-658,محلي,الأمان والتشغيل,completion-engine.js؛ completion-ui.js؛ operations-locales.js؛ completion-locales.js؛ test-completion.cjs؛ test-completion-ui.cjs؛ test-locales.cjs,انتهاء خمول فعلي للجلسات المحلية، وحظر IP وVPN في تسجيل الدخول وطلبات الجلسة وفق بيانات اختبار الشبكة. تحديد IP الحقيقي وكشف VPN/GPS لا يستنتج من المتصفح ويحتاج الربط.,المستند المحدّث، مع مراعاة قرارات المستخدم اللاحقة,لا
R101,الأمان والتدقيق,مصادقة وصلاحيات خادم وتشفير البيانات وحماية الهجمات,618-658,ربط,جميع النظام,README.md؛ engine.js؛ staff-model.js,النسخة Frontend ومحلية. لا يثبت إخفاء الزر أو تجزئة كلمة محلية وجود حماية متعددة المستخدمين.,المستند المحدّث، مع مراعاة قرارات المستخدم اللاحقة,لا
R102,الأمان والتدقيق,سجل من فعل ماذا ومتى وقبل/بعد بالعربي,660-682,محلي,سجل التدقيق,audit-details.js؛ engine.js:log,تسجيل الأحداث المحلية والتفاصيل العربية والبحث والتصدير موجود؛ تحقق التغطية لكل مسار عند إضافة الوحدات الناقصة.,المستند المحدّث، مع مراعاة قرارات المستخدم اللاحقة,لا
R103,الأمان والتدقيق,سجل دخول فاشل وتغيير Token وأحداث أجهزة حقيقية,660-682,ربط,سجل التدقيق,engine.js:log؛ app.js:switchUser,تبديل الحساب المحلي ليس دخولًا حقيقيًا؛ أحداث الخادم والأجهزة لا يمكن أن تنتج فعليًا قبل الربط.,المستند المحدّث، مع مراعاة قرارات المستخدم اللاحقة,لا
R104,الأمان والتدقيق,سجل غير قابل للتلاعب مع سياسة احتفاظ,660-682,ربط,سجل التدقيق، النسخ الاحتياطي,app.js:backup؛ localStorage,لا زر حذف تدقيق في الواجهة، لكن التخزين المحلي قابل للتعديل. يلزم سجل خادمي وسياسة احتفاظ وأرشفة.,المستند المحدّث، مع مراعاة قرارات المستخدم اللاحقة,لا
R105,الأمان والتدقيق,نسخ احتياطية واستعادة مع حماية البيانات الحساسة,618-682,محلي,النسخ الاحتياطي,operations-engine.js؛ workflow-engine.js؛ operations-ui.js؛ workflow-ui.js؛ test-operations.cjs؛ test-workflow.cjs؛ test-workflow-ui.cjs؛ test-xlsx-reader.cjs,نسخ واستعادة مشفرة AES-256-GCM واشتقاق PBKDF2؛ اختبر فك التشفير ورفض كلمة خاطئة.,المستند المحدّث، مع مراعاة قرارات المستخدم اللاحقة,لا
R106,الهوية والمنصة,هوية مستقلة للوكيل والوصل,684-703,محلي,هوية الوكيل والوصل,app.js:saveBrand,الشعار واللون والدعم والنصوص متاحة. لا استنتاج بأن تطبيق POS المنفصل مخصص بالفعل.,المستند المحدّث، مع مراعاة قرارات المستخدم اللاحقة,لا
R107,الهوية والمنصة,هوية المنصة وصفحة تعريف وخدمات وتواصل,684-703,محلي,محتوى صفحة الهبوط، صفحة المنصة,operations-engine.js؛ workflow-engine.js؛ operations-ui.js؛ workflow-ui.js؛ test-operations.cjs؛ test-workflow.cjs؛ test-workflow-ui.cjs؛ test-xlsx-reader.cjs,محتوى عن المنصة والخدمات والتواصل قابل للحفظ ويظهر في صفحة المنصة.,المستند المحدّث، مع مراعاة قرارات المستخدم اللاحقة,لا
R108,الهوية والمنصة,سلايدر وأخبار متعددة وروابط تطبيقات وسياسات قانونية,684-703,محلي,محتوى صفحة الهبوط، صفحة المنصة,operations-engine.js؛ workflow-engine.js؛ operations-ui.js؛ workflow-ui.js؛ test-operations.cjs؛ test-workflow.cjs؛ test-workflow-ui.cjs؛ test-xlsx-reader.cjs,تنقل بين الأخبار النشطة وروابط تطبيقات HTTPS وسياسات الخصوصية والشروط.,المستند المحدّث، مع مراعاة قرارات المستخدم اللاحقة,لا
R109,الهوية والمنصة,العربية والإنكليزية والكوردية لكل الصفحات,33،396-410,محلي,مبدل اللغة,completion-engine.js؛ completion-ui.js؛ operations-locales.js؛ completion-locales.js؛ test-completion.cjs؛ test-completion-ui.cjs؛ test-locales.cjs,ربط النصوص الثابتة والمخرجات في وحدات العمليات بمبدل اللغة، وإضافة 245 ترجمة تشغيلية لكل من الإنكليزية والكوردية وقاموس الأمان. لغة الوصل مستقلة. بقيت أسماء وسجلات المستخدمين بيانات كما أدخلت؛ جودة الصياغة الكوردية تستحسن مراجعتها لغويًا قبل النشر.,المستند المحدّث، مع مراعاة قرارات المستخدم اللاحقة,لا
R110,الهوية والمنصة,واجهة جوال ولوحي وكمبيوتر,24،440-468,محلي,جميع الصفحات,operations-engine.js؛ workflow-engine.js؛ operations-ui.js؛ workflow-ui.js؛ test-operations.cjs؛ test-workflow.cjs؛ test-workflow-ui.cjs؛ test-xlsx-reader.cjs,فحص الصفحات الجديدة عند عرض 390 بكسل و1440 بكسل دون تمدد أفقي للصفحة؛ الجداول تتمرر داخل حاويتها.,المستند المحدّث، مع مراعاة قرارات المستخدم اللاحقة,لا
R111,المراقبة والتقارير,تقارير المبيعات والمخزون والأرصدة والأسعار,17-32،90،705-724,محلي,مركز التقارير الشامل,reports.js؛ test-access-reports.cjs,تقارير محلية بمرشحات وتصدير ونطاق وبيانات حساسة محكومة بالصلاحية. لا تعوض تقارير التمويل والمحاسبة الجديدة.,المستند المحدّث، مع مراعاة قرارات المستخدم اللاحقة,لا
R112,المراقبة والتقارير,مؤشرات المستخدمين والوكلاء والنقاط المتصلين,705-724؛ الصور المرجعية,ربط,المراقبة,index.html؛ engine.js:seed,تعرض بيانات تجريبية. لا قياس حضور حقيقي من الأجهزة أو جلسات خادم.,المستند المحدّث، مع مراعاة قرارات المستخدم اللاحقة,لا
R113,المراقبة والتقارير,RPS وزمن الاستجابة وDB وAPI ومعدل الخطأ,705-724,ربط,المراقبة,index.html؛ app.js,لوحة المراقبة ليست نظام قياس فعليًا؛ ينقص تصميم بعض المقاييس والتفصيل ثم ربطها بمصادر telemetry.,المستند المحدّث، مع مراعاة قرارات المستخدم اللاحقة,لا
R114,قرارات ومصادر,تفاصيل عقد API والأجهزة وصيغ ملفات المورد النهائية,829-873,معلق,التكاملات والاستيراد والأمان,المستند المحدّث,لا يجوز اختراع إجابات للنقاط المفتوحة. تُعتمد عينات الموردين ومواصفات الأجهزة وواجهات الربط قبل قبول التنفيذ النهائي.,المستند المحدّث، مع مراعاة قرارات المستخدم اللاحقة,لا
