serial,pin,expiry,cvc,reference
DEMO-INTERNATIONAL-20260924-0001,DEMO-NOT-VALID-INTERNATIONAL-0001,2029-12-31,101,TEST-REF-0001
DEMO-INTERNATIONAL-20260924-0002,DEMO-NOT-VALID-INTERNATIONAL-0002,2029-12-31,102,TEST-REF-0002
DEMO-INTERNATIONAL-20260924-0003,DEMO-NOT-VALID-INTERNATIONAL-0003,2029-12-31,103,TEST-REF-0003
DEMO-INTERNATIONAL-20260924-0004,DEMO-NOT-VALID-INTERNATIONAL-0004,2029-12-31,104,TEST-REF-0004
DEMO-INTERNATIONAL-20260924-0005,DEMO-NOT-VALID-INTERNATIONAL-0005,2029-12-31,105,TEST-REF-0005
DEMO-INTERNATIONAL-20260924-0006,DEMO-NOT-VALID-INTERNATIONAL-0006,2029-12-31,106,TEST-REF-0006
DEMO-INTERNATIONAL-20260924-0007,DEMO-NOT-VALID-INTERNATIONAL-0007,2029-12-31,107,TEST-REF-0007
DEMO-INTERNATIONAL-20260924-0008,DEMO-NOT-VALID-INTERNATIONAL-0008,2029-12-31,108,TEST-REF-0008
DEMO-INTERNATIONAL-20260924-0009,DEMO-NOT-VALID-INTERNATIONAL-0009,2029-12-31,109,TEST-REF-0009
DEMO-INTERNATIONAL-20260924-0010,DEMO-NOT-VALID-INTERNATIONAL-0010,2029-12-31,110,TEST-REF-0010
DEMO-INTERNATIONAL-20260924-0011,DEMO-NOT-VALID-INTERNATIONAL-0011,2029-12-31,111,TEST-REF-0011
DEMO-INTERNATIONAL-20260924-0012,DEMO-NOT-VALID-INTERNATIONAL-0012,2029-12-31,112,TEST-REF-0012
DEMO-INTERNATIONAL-20260924-0013,DEMO-NOT-VALID-INTERNATIONAL-0013,2029-12-31,113,TEST-REF-0013
DEMO-INTERNATIONAL-20260924-0014,DEMO-NOT-VALID-INTERNATIONAL-0014,2029-12-31,114,TEST-REF-0014
DEMO-INTERNATIONAL-20260924-0015,DEMO-NOT-VALID-INTERNATIONAL-0015,2029-12-31,115,TEST-REF-0015
DEMO-INTERNATIONAL-20260924-0016,DEMO-NOT-VALID-INTERNATIONAL-0016,2029-12-31,116,TEST-REF-0016
DEMO-INTERNATIONAL-20260924-0017,DEMO-NOT-VALID-INTERNATIONAL-0017,2029-12-31,117,TEST-REF-0017
DEMO-INTERNATIONAL-20260924-0018,DEMO-NOT-VALID-INTERNATIONAL-0018,2029-12-31,118,TEST-REF-0018
DEMO-INTERNATIONAL-20260924-0019,DEMO-NOT-VALID-INTERNATIONAL-0019,2029-12-31,119,TEST-REF-0019
DEMO-INTERNATIONAL-20260924-0020,DEMO-NOT-VALID-INTERNATIONAL-0020,2029-12-31,120,TEST-REF-0020
DEMO-INTERNATIONAL-20260924-0021,DEMO-NOT-VALID-INTERNATIONAL-0021,2029-12-31,121,TEST-REF-0021
DEMO-INTERNATIONAL-20260924-0022,DEMO-NOT-VALID-INTERNATIONAL-0022,2029-12-31,122,TEST-REF-0022
DEMO-INTERNATIONAL-20260924-0023,DEMO-NOT-VALID-INTERNATIONAL-0023,2029-12-31,123,TEST-REF-0023
DEMO-INTERNATIONAL-20260924-0024,DEMO-NOT-VALID-INTERNATIONAL-0024,2029-12-31,124,TEST-REF-0024
DEMO-INTERNATIONAL-20260924-0025,DEMO-NOT-VALID-INTERNATIONAL-0025,2029-12-31,125,TEST-REF-0025
DEMO-INTERNATIONAL-20260924-0026,DEMO-NOT-VALID-INTERNATIONAL-0026,2029-12-31,126,TEST-REF-0026
DEMO-INTERNATIONAL-20260924-0027,DEMO-NOT-VALID-INTERNATIONAL-0027,2029-12-31,127,TEST-REF-0027
DEMO-INTERNATIONAL-20260924-0028,DEMO-NOT-VALID-INTERNATIONAL-0028,2029-12-31,128,TEST-REF-0028
DEMO-INTERNATIONAL-20260924-0029,DEMO-NOT-VALID-INTERNATIONAL-0029,2029-12-31,129,TEST-REF-0029
DEMO-INTERNATIONAL-20260924-0030,DEMO-NOT-VALID-INTERNATIONAL-0030,2029-12-31,130,TEST-REF-0030
DEMO-INTERNATIONAL-20260924-0031,DEMO-NOT-VALID-INTERNATIONAL-0031,2029-12-31,131,TEST-REF-0031
DEMO-INTERNATIONAL-20260924-0032,DEMO-NOT-VALID-INTERNATIONAL-0032,2029-12-31,132,TEST-REF-0032
DEMO-INTERNATIONAL-20260924-0033,DEMO-NOT-VALID-INTERNATIONAL-0033,2029-12-31,133,TEST-REF-0033
DEMO-INTERNATIONAL-20260924-0034,DEMO-NOT-VALID-INTERNATIONAL-0034,2029-12-31,134,TEST-REF-0034
DEMO-INTERNATIONAL-20260924-0035,DEMO-NOT-VALID-INTERNATIONAL-0035,2029-12-31,135,TEST-REF-0035
DEMO-INTERNATIONAL-20260924-0036,DEMO-NOT-VALID-INTERNATIONAL-0036,2029-12-31,136,TEST-REF-0036
DEMO-INTERNATIONAL-20260924-0037,DEMO-NOT-VALID-INTERNATIONAL-0037,2029-12-31,137,TEST-REF-0037
DEMO-INTERNATIONAL-20260924-0038,DEMO-NOT-VALID-INTERNATIONAL-0038,2029-12-31,138,TEST-REF-0038
DEMO-INTERNATIONAL-20260924-0039,DEMO-NOT-VALID-INTERNATIONAL-0039,2029-12-31,139,TEST-REF-0039
DEMO-INTERNATIONAL-20260924-0040,DEMO-NOT-VALID-INTERNATIONAL-0040,2029-12-31,140,TEST-REF-0040
DEMO-INTERNATIONAL-20260924-0041,DEMO-NOT-VALID-INTERNATIONAL-0041,2029-12-31,141,TEST-REF-0041
DEMO-INTERNATIONAL-20260924-0042,DEMO-NOT-VALID-INTERNATIONAL-0042,2029-12-31,142,TEST-REF-0042
DEMO-INTERNATIONAL-20260924-0043,DEMO-NOT-VALID-INTERNATIONAL-0043,2029-12-31,143,TEST-REF-0043
DEMO-INTERNATIONAL-20260924-0044,DEMO-NOT-VALID-INTERNATIONAL-0044,2029-12-31,144,TEST-REF-0044
DEMO-INTERNATIONAL-20260924-0045,DEMO-NOT-VALID-INTERNATIONAL-0045,2029-12-31,145,TEST-REF-0045
DEMO-INTERNATIONAL-20260924-0046,DEMO-NOT-VALID-INTERNATIONAL-0046,2029-12-31,146,TEST-REF-0046
DEMO-INTERNATIONAL-20260924-0047,DEMO-NOT-VALID-INTERNATIONAL-0047,2029-12-31,147,TEST-REF-0047
DEMO-INTERNATIONAL-20260924-0048,DEMO-NOT-VALID-INTERNATIONAL-0048,2029-12-31,148,TEST-REF-0048
DEMO-INTERNATIONAL-20260924-0049,DEMO-NOT-VALID-INTERNATIONAL-0049,2029-12-31,149,TEST-REF-0049
DEMO-INTERNATIONAL-20260924-0050,DEMO-NOT-VALID-INTERNATIONAL-0050,2029-12-31,150,TEST-REF-0050
DEMO-INTERNATIONAL-20260924-0051,DEMO-NOT-VALID-INTERNATIONAL-0051,2029-12-31,151,TEST-REF-0051
DEMO-INTERNATIONAL-20260924-0052,DEMO-NOT-VALID-INTERNATIONAL-0052,2029-12-31,152,TEST-REF-0052
DEMO-INTERNATIONAL-20260924-0053,DEMO-NOT-VALID-INTERNATIONAL-0053,2029-12-31,153,TEST-REF-0053
DEMO-INTERNATIONAL-20260924-0054,DEMO-NOT-VALID-INTERNATIONAL-0054,2029-12-31,154,TEST-REF-0054
DEMO-INTERNATIONAL-20260924-0055,DEMO-NOT-VALID-INTERNATIONAL-0055,2029-12-31,155,TEST-REF-0055
DEMO-INTERNATIONAL-20260924-0056,DEMO-NOT-VALID-INTERNATIONAL-0056,2029-12-31,156,TEST-REF-0056
DEMO-INTERNATIONAL-20260924-0057,DEMO-NOT-VALID-INTERNATIONAL-0057,2029-12-31,157,TEST-REF-0057
DEMO-INTERNATIONAL-20260924-0058,DEMO-NOT-VALID-INTERNATIONAL-0058,2029-12-31,158,TEST-REF-0058
DEMO-INTERNATIONAL-20260924-0059,DEMO-NOT-VALID-INTERNATIONAL-0059,2029-12-31,159,TEST-REF-0059
DEMO-INTERNATIONAL-20260924-0060,DEMO-NOT-VALID-INTERNATIONAL-0060,2029-12-31,160,TEST-REF-0060
DEMO-INTERNATIONAL-20260924-0061,DEMO-NOT-VALID-INTERNATIONAL-0061,2029-12-31,161,TEST-REF-0061
DEMO-INTERNATIONAL-20260924-0062,DEMO-NOT-VALID-INTERNATIONAL-0062,2029-12-31,162,TEST-REF-0062
DEMO-INTERNATIONAL-20260924-0063,DEMO-NOT-VALID-INTERNATIONAL-0063,2029-12-31,163,TEST-REF-0063
DEMO-INTERNATIONAL-20260924-0064,DEMO-NOT-VALID-INTERNATIONAL-0064,2029-12-31,164,TEST-REF-0064
DEMO-INTERNATIONAL-20260924-0065,DEMO-NOT-VALID-INTERNATIONAL-0065,2029-12-31,165,TEST-REF-0065
DEMO-INTERNATIONAL-20260924-0066,DEMO-NOT-VALID-INTERNATIONAL-0066,2029-12-31,166,TEST-REF-0066
DEMO-INTERNATIONAL-20260924-0067,DEMO-NOT-VALID-INTERNATIONAL-0067,2029-12-31,167,TEST-REF-0067
DEMO-INTERNATIONAL-20260924-0068,DEMO-NOT-VALID-INTERNATIONAL-0068,2029-12-31,168,TEST-REF-0068
DEMO-INTERNATIONAL-20260924-0069,DEMO-NOT-VALID-INTERNATIONAL-0069,2029-12-31,169,TEST-REF-0069
DEMO-INTERNATIONAL-20260924-0070,DEMO-NOT-VALID-INTERNATIONAL-0070,2029-12-31,170,TEST-REF-0070
DEMO-INTERNATIONAL-20260924-0071,DEMO-NOT-VALID-INTERNATIONAL-0071,2029-12-31,171,TEST-REF-0071
DEMO-INTERNATIONAL-20260924-0072,DEMO-NOT-VALID-INTERNATIONAL-0072,2029-12-31,172,TEST-REF-0072
DEMO-INTERNATIONAL-20260924-0073,DEMO-NOT-VALID-INTERNATIONAL-0073,2029-12-31,173,TEST-REF-0073
DEMO-INTERNATIONAL-20260924-0074,DEMO-NOT-VALID-INTERNATIONAL-0074,2029-12-31,174,TEST-REF-0074
DEMO-INTERNATIONAL-20260924-0075,DEMO-NOT-VALID-INTERNATIONAL-0075,2029-12-31,175,TEST-REF-0075
DEMO-INTERNATIONAL-20260924-0076,DEMO-NOT-VALID-INTERNATIONAL-0076,2029-12-31,176,TEST-REF-0076
DEMO-INTERNATIONAL-20260924-0077,DEMO-NOT-VALID-INTERNATIONAL-0077,2029-12-31,177,TEST-REF-0077
DEMO-INTERNATIONAL-20260924-0078,DEMO-NOT-VALID-INTERNATIONAL-0078,2029-12-31,178,TEST-REF-0078
DEMO-INTERNATIONAL-20260924-0079,DEMO-NOT-VALID-INTERNATIONAL-0079,2029-12-31,179,TEST-REF-0079
DEMO-INTERNATIONAL-20260924-0080,DEMO-NOT-VALID-INTERNATIONAL-0080,2029-12-31,180,TEST-REF-0080
DEMO-INTERNATIONAL-20260924-0081,DEMO-NOT-VALID-INTERNATIONAL-0081,2029-12-31,181,TEST-REF-0081
DEMO-INTERNATIONAL-20260924-0082,DEMO-NOT-VALID-INTERNATIONAL-0082,2029-12-31,182,TEST-REF-0082
DEMO-INTERNATIONAL-20260924-0083,DEMO-NOT-VALID-INTERNATIONAL-0083,2029-12-31,183,TEST-REF-0083
DEMO-INTERNATIONAL-20260924-0084,DEMO-NOT-VALID-INTERNATIONAL-0084,2029-12-31,184,TEST-REF-0084
DEMO-INTERNATIONAL-20260924-0085,DEMO-NOT-VALID-INTERNATIONAL-0085,2029-12-31,185,TEST-REF-0085
DEMO-INTERNATIONAL-20260924-0086,DEMO-NOT-VALID-INTERNATIONAL-0086,2029-12-31,186,TEST-REF-0086
DEMO-INTERNATIONAL-20260924-0087,DEMO-NOT-VALID-INTERNATIONAL-0087,2029-12-31,187,TEST-REF-0087
DEMO-INTERNATIONAL-20260924-0088,DEMO-NOT-VALID-INTERNATIONAL-0088,2029-12-31,188,TEST-REF-0088
DEMO-INTERNATIONAL-20260924-0089,DEMO-NOT-VALID-INTERNATIONAL-0089,2029-12-31,189,TEST-REF-0089
DEMO-INTERNATIONAL-20260924-0090,DEMO-NOT-VALID-INTERNATIONAL-0090,2029-12-31,190,TEST-REF-0090
DEMO-INTERNATIONAL-20260924-0091,DEMO-NOT-VALID-INTERNATIONAL-0091,2029-12-31,191,TEST-REF-0091
DEMO-INTERNATIONAL-20260924-0092,DEMO-NOT-VALID-INTERNATIONAL-0092,2029-12-31,192,TEST-REF-0092
DEMO-INTERNATIONAL-20260924-0093,DEMO-NOT-VALID-INTERNATIONAL-0093,2029-12-31,193,TEST-REF-0093
DEMO-INTERNATIONAL-20260924-0094,DEMO-NOT-VALID-INTERNATIONAL-0094,2029-12-31,194,TEST-REF-0094
DEMO-INTERNATIONAL-20260924-0095,DEMO-NOT-VALID-INTERNATIONAL-0095,2029-12-31,195,TEST-REF-0095
DEMO-INTERNATIONAL-20260924-0096,DEMO-NOT-VALID-INTERNATIONAL-0096,2029-12-31,196,TEST-REF-0096
DEMO-INTERNATIONAL-20260924-0097,DEMO-NOT-VALID-INTERNATIONAL-0097,2029-12-31,197,TEST-REF-0097
DEMO-INTERNATIONAL-20260924-0098,DEMO-NOT-VALID-INTERNATIONAL-0098,2029-12-31,198,TEST-REF-0098
DEMO-INTERNATIONAL-20260924-0099,DEMO-NOT-VALID-INTERNATIONAL-0099,2029-12-31,199,TEST-REF-0099
DEMO-INTERNATIONAL-20260924-0100,DEMO-NOT-VALID-INTERNATIONAL-0100,2029-12-31,200,TEST-REF-0100
DEMO-INTERNATIONAL-20260924-0101,DEMO-NOT-VALID-INTERNATIONAL-0101,2029-12-31,201,TEST-REF-0101
DEMO-INTERNATIONAL-20260924-0102,DEMO-NOT-VALID-INTERNATIONAL-0102,2029-12-31,202,TEST-REF-0102
DEMO-INTERNATIONAL-20260924-0103,DEMO-NOT-VALID-INTERNATIONAL-0103,2029-12-31,203,TEST-REF-0103
DEMO-INTERNATIONAL-20260924-0104,DEMO-NOT-VALID-INTERNATIONAL-0104,2029-12-31,204,TEST-REF-0104
DEMO-INTERNATIONAL-20260924-0105,DEMO-NOT-VALID-INTERNATIONAL-0105,2029-12-31,205,TEST-REF-0105
DEMO-INTERNATIONAL-20260924-0106,DEMO-NOT-VALID-INTERNATIONAL-0106,2029-12-31,206,TEST-REF-0106
DEMO-INTERNATIONAL-20260924-0107,DEMO-NOT-VALID-INTERNATIONAL-0107,2029-12-31,207,TEST-REF-0107
DEMO-INTERNATIONAL-20260924-0108,DEMO-NOT-VALID-INTERNATIONAL-0108,2029-12-31,208,TEST-REF-0108
DEMO-INTERNATIONAL-20260924-0109,DEMO-NOT-VALID-INTERNATIONAL-0109,2029-12-31,209,TEST-REF-0109
DEMO-INTERNATIONAL-20260924-0110,DEMO-NOT-VALID-INTERNATIONAL-0110,2029-12-31,210,TEST-REF-0110
DEMO-INTERNATIONAL-20260924-0111,DEMO-NOT-VALID-INTERNATIONAL-0111,2029-12-31,211,TEST-REF-0111
DEMO-INTERNATIONAL-20260924-0112,DEMO-NOT-VALID-INTERNATIONAL-0112,2029-12-31,212,TEST-REF-0112
DEMO-INTERNATIONAL-20260924-0113,DEMO-NOT-VALID-INTERNATIONAL-0113,2029-12-31,213,TEST-REF-0113
DEMO-INTERNATIONAL-20260924-0114,DEMO-NOT-VALID-INTERNATIONAL-0114,2029-12-31,214,TEST-REF-0114
DEMO-INTERNATIONAL-20260924-0115,DEMO-NOT-VALID-INTERNATIONAL-0115,2029-12-31,215,TEST-REF-0115
DEMO-INTERNATIONAL-20260924-0116,DEMO-NOT-VALID-INTERNATIONAL-0116,2029-12-31,216,TEST-REF-0116
DEMO-INTERNATIONAL-20260924-0117,DEMO-NOT-VALID-INTERNATIONAL-0117,2029-12-31,217,TEST-REF-0117
DEMO-INTERNATIONAL-20260924-0118,DEMO-NOT-VALID-INTERNATIONAL-0118,2029-12-31,218,TEST-REF-0118
DEMO-INTERNATIONAL-20260924-0119,DEMO-NOT-VALID-INTERNATIONAL-0119,2029-12-31,219,TEST-REF-0119
DEMO-INTERNATIONAL-20260924-0120,DEMO-NOT-VALID-INTERNATIONAL-0120,2029-12-31,220,TEST-REF-0120
DEMO-INTERNATIONAL-20260924-0121,DEMO-NOT-VALID-INTERNATIONAL-0121,2029-12-31,221,TEST-REF-0121
DEMO-INTERNATIONAL-20260924-0122,DEMO-NOT-VALID-INTERNATIONAL-0122,2029-12-31,222,TEST-REF-0122
DEMO-INTERNATIONAL-20260924-0123,DEMO-NOT-VALID-INTERNATIONAL-0123,2029-12-31,223,TEST-REF-0123
DEMO-INTERNATIONAL-20260924-0124,DEMO-NOT-VALID-INTERNATIONAL-0124,2029-12-31,224,TEST-REF-0124
DEMO-INTERNATIONAL-20260924-0125,DEMO-NOT-VALID-INTERNATIONAL-0125,2029-12-31,225,TEST-REF-0125
DEMO-INTERNATIONAL-20260924-0126,DEMO-NOT-VALID-INTERNATIONAL-0126,2029-12-31,226,TEST-REF-0126
DEMO-INTERNATIONAL-20260924-0127,DEMO-NOT-VALID-INTERNATIONAL-0127,2029-12-31,227,TEST-REF-0127
DEMO-INTERNATIONAL-20260924-0128,DEMO-NOT-VALID-INTERNATIONAL-0128,2029-12-31,228,TEST-REF-0128
DEMO-INTERNATIONAL-20260924-0129,DEMO-NOT-VALID-INTERNATIONAL-0129,2029-12-31,229,TEST-REF-0129
DEMO-INTERNATIONAL-20260924-0130,DEMO-NOT-VALID-INTERNATIONAL-0130,2029-12-31,230,TEST-REF-0130
DEMO-INTERNATIONAL-20260924-0131,DEMO-NOT-VALID-INTERNATIONAL-0131,2029-12-31,231,TEST-REF-0131
DEMO-INTERNATIONAL-20260924-0132,DEMO-NOT-VALID-INTERNATIONAL-0132,2029-12-31,232,TEST-REF-0132
DEMO-INTERNATIONAL-20260924-0133,DEMO-NOT-VALID-INTERNATIONAL-0133,2029-12-31,233,TEST-REF-0133
DEMO-INTERNATIONAL-20260924-0134,DEMO-NOT-VALID-INTERNATIONAL-0134,2029-12-31,234,TEST-REF-0134
DEMO-INTERNATIONAL-20260924-0135,DEMO-NOT-VALID-INTERNATIONAL-0135,2029-12-31,235,TEST-REF-0135
DEMO-INTERNATIONAL-20260924-0136,DEMO-NOT-VALID-INTERNATIONAL-0136,2029-12-31,236,TEST-REF-0136
DEMO-INTERNATIONAL-20260924-0137,DEMO-NOT-VALID-INTERNATIONAL-0137,2029-12-31,237,TEST-REF-0137
DEMO-INTERNATIONAL-20260924-0138,DEMO-NOT-VALID-INTERNATIONAL-0138,2029-12-31,238,TEST-REF-0138
DEMO-INTERNATIONAL-20260924-0139,DEMO-NOT-VALID-INTERNATIONAL-0139,2029-12-31,239,TEST-REF-0139
DEMO-INTERNATIONAL-20260924-0140,DEMO-NOT-VALID-INTERNATIONAL-0140,2029-12-31,240,TEST-REF-0140
DEMO-INTERNATIONAL-20260924-0141,DEMO-NOT-VALID-INTERNATIONAL-0141,2029-12-31,241,TEST-REF-0141
DEMO-INTERNATIONAL-20260924-0142,DEMO-NOT-VALID-INTERNATIONAL-0142,2029-12-31,242,TEST-REF-0142
DEMO-INTERNATIONAL-20260924-0143,DEMO-NOT-VALID-INTERNATIONAL-0143,2029-12-31,243,TEST-REF-0143
DEMO-INTERNATIONAL-20260924-0144,DEMO-NOT-VALID-INTERNATIONAL-0144,2029-12-31,244,TEST-REF-0144
DEMO-INTERNATIONAL-20260924-0145,DEMO-NOT-VALID-INTERNATIONAL-0145,2029-12-31,245,TEST-REF-0145
DEMO-INTERNATIONAL-20260924-0146,DEMO-NOT-VALID-INTERNATIONAL-0146,2029-12-31,246,TEST-REF-0146
DEMO-INTERNATIONAL-20260924-0147,DEMO-NOT-VALID-INTERNATIONAL-0147,2029-12-31,247,TEST-REF-0147
DEMO-INTERNATIONAL-20260924-0148,DEMO-NOT-VALID-INTERNATIONAL-0148,2029-12-31,248,TEST-REF-0148
DEMO-INTERNATIONAL-20260924-0149,DEMO-NOT-VALID-INTERNATIONAL-0149,2029-12-31,249,TEST-REF-0149
DEMO-INTERNATIONAL-20260924-0150,DEMO-NOT-VALID-INTERNATIONAL-0150,2029-12-31,250,TEST-REF-0150
DEMO-INTERNATIONAL-20260924-0151,DEMO-NOT-VALID-INTERNATIONAL-0151,2029-12-31,251,TEST-REF-0151
DEMO-INTERNATIONAL-20260924-0152,DEMO-NOT-VALID-INTERNATIONAL-0152,2029-12-31,252,TEST-REF-0152
DEMO-INTERNATIONAL-20260924-0153,DEMO-NOT-VALID-INTERNATIONAL-0153,2029-12-31,253,TEST-REF-0153
DEMO-INTERNATIONAL-20260924-0154,DEMO-NOT-VALID-INTERNATIONAL-0154,2029-12-31,254,TEST-REF-0154
DEMO-INTERNATIONAL-20260924-0155,DEMO-NOT-VALID-INTERNATIONAL-0155,2029-12-31,255,TEST-REF-0155
DEMO-INTERNATIONAL-20260924-0156,DEMO-NOT-VALID-INTERNATIONAL-0156,2029-12-31,256,TEST-REF-0156
DEMO-INTERNATIONAL-20260924-0157,DEMO-NOT-VALID-INTERNATIONAL-0157,2029-12-31,257,TEST-REF-0157
DEMO-INTERNATIONAL-20260924-0158,DEMO-NOT-VALID-INTERNATIONAL-0158,2029-12-31,258,TEST-REF-0158
DEMO-INTERNATIONAL-20260924-0159,DEMO-NOT-VALID-INTERNATIONAL-0159,2029-12-31,259,TEST-REF-0159
DEMO-INTERNATIONAL-20260924-0160,DEMO-NOT-VALID-INTERNATIONAL-0160,2029-12-31,260,TEST-REF-0160
DEMO-INTERNATIONAL-20260924-0161,DEMO-NOT-VALID-INTERNATIONAL-0161,2029-12-31,261,TEST-REF-0161
DEMO-INTERNATIONAL-20260924-0162,DEMO-NOT-VALID-INTERNATIONAL-0162,2029-12-31,262,TEST-REF-0162
DEMO-INTERNATIONAL-20260924-0163,DEMO-NOT-VALID-INTERNATIONAL-0163,2029-12-31,263,TEST-REF-0163
DEMO-INTERNATIONAL-20260924-0164,DEMO-NOT-VALID-INTERNATIONAL-0164,2029-12-31,264,TEST-REF-0164
DEMO-INTERNATIONAL-20260924-0165,DEMO-NOT-VALID-INTERNATIONAL-0165,2029-12-31,265,TEST-REF-0165
DEMO-INTERNATIONAL-20260924-0166,DEMO-NOT-VALID-INTERNATIONAL-0166,2029-12-31,266,TEST-REF-0166
DEMO-INTERNATIONAL-20260924-0167,DEMO-NOT-VALID-INTERNATIONAL-0167,2029-12-31,267,TEST-REF-0167
DEMO-INTERNATIONAL-20260924-0168,DEMO-NOT-VALID-INTERNATIONAL-0168,2029-12-31,268,TEST-REF-0168
DEMO-INTERNATIONAL-20260924-0169,DEMO-NOT-VALID-INTERNATIONAL-0169,2029-12-31,269,TEST-REF-0169
DEMO-INTERNATIONAL-20260924-0170,DEMO-NOT-VALID-INTERNATIONAL-0170,2029-12-31,270,TEST-REF-0170
DEMO-INTERNATIONAL-20260924-0171,DEMO-NOT-VALID-INTERNATIONAL-0171,2029-12-31,271,TEST-REF-0171
DEMO-INTERNATIONAL-20260924-0172,DEMO-NOT-VALID-INTERNATIONAL-0172,2029-12-31,272,TEST-REF-0172
DEMO-INTERNATIONAL-20260924-0173,DEMO-NOT-VALID-INTERNATIONAL-0173,2029-12-31,273,TEST-REF-0173
DEMO-INTERNATIONAL-20260924-0174,DEMO-NOT-VALID-INTERNATIONAL-0174,2029-12-31,274,TEST-REF-0174
DEMO-INTERNATIONAL-20260924-0175,DEMO-NOT-VALID-INTERNATIONAL-0175,2029-12-31,275,TEST-REF-0175
DEMO-INTERNATIONAL-20260924-0176,DEMO-NOT-VALID-INTERNATIONAL-0176,2029-12-31,276,TEST-REF-0176
DEMO-INTERNATIONAL-20260924-0177,DEMO-NOT-VALID-INTERNATIONAL-0177,2029-12-31,277,TEST-REF-0177
DEMO-INTERNATIONAL-20260924-0178,DEMO-NOT-VALID-INTERNATIONAL-0178,2029-12-31,278,TEST-REF-0178
DEMO-INTERNATIONAL-20260924-0179,DEMO-NOT-VALID-INTERNATIONAL-0179,2029-12-31,279,TEST-REF-0179
DEMO-INTERNATIONAL-20260924-0180,DEMO-NOT-VALID-INTERNATIONAL-0180,2029-12-31,280,TEST-REF-0180
DEMO-INTERNATIONAL-20260924-0181,DEMO-NOT-VALID-INTERNATIONAL-0181,2029-12-31,281,TEST-REF-0181
DEMO-INTERNATIONAL-20260924-0182,DEMO-NOT-VALID-INTERNATIONAL-0182,2029-12-31,282,TEST-REF-0182
DEMO-INTERNATIONAL-20260924-0183,DEMO-NOT-VALID-INTERNATIONAL-0183,2029-12-31,283,TEST-REF-0183
DEMO-INTERNATIONAL-20260924-0184,DEMO-NOT-VALID-INTERNATIONAL-0184,2029-12-31,284,TEST-REF-0184
DEMO-INTERNATIONAL-20260924-0185,DEMO-NOT-VALID-INTERNATIONAL-0185,2029-12-31,285,TEST-REF-0185
DEMO-INTERNATIONAL-20260924-0186,DEMO-NOT-VALID-INTERNATIONAL-0186,2029-12-31,286,TEST-REF-0186
DEMO-INTERNATIONAL-20260924-0187,DEMO-NOT-VALID-INTERNATIONAL-0187,2029-12-31,287,TEST-REF-0187
DEMO-INTERNATIONAL-20260924-0188,DEMO-NOT-VALID-INTERNATIONAL-0188,2029-12-31,288,TEST-REF-0188
DEMO-INTERNATIONAL-20260924-0189,DEMO-NOT-VALID-INTERNATIONAL-0189,2029-12-31,289,TEST-REF-0189
DEMO-INTERNATIONAL-20260924-0190,DEMO-NOT-VALID-INTERNATIONAL-0190,2029-12-31,290,TEST-REF-0190
DEMO-INTERNATIONAL-20260924-0191,DEMO-NOT-VALID-INTERNATIONAL-0191,2029-12-31,291,TEST-REF-0191
DEMO-INTERNATIONAL-20260924-0192,DEMO-NOT-VALID-INTERNATIONAL-0192,2029-12-31,292,TEST-REF-0192
DEMO-INTERNATIONAL-20260924-0193,DEMO-NOT-VALID-INTERNATIONAL-0193,2029-12-31,293,TEST-REF-0193
DEMO-INTERNATIONAL-20260924-0194,DEMO-NOT-VALID-INTERNATIONAL-0194,2029-12-31,294,TEST-REF-0194
DEMO-INTERNATIONAL-20260924-0195,DEMO-NOT-VALID-INTERNATIONAL-0195,2029-12-31,295,TEST-REF-0195
DEMO-INTERNATIONAL-20260924-0196,DEMO-NOT-VALID-INTERNATIONAL-0196,2029-12-31,296,TEST-REF-0196
DEMO-INTERNATIONAL-20260924-0197,DEMO-NOT-VALID-INTERNATIONAL-0197,2029-12-31,297,TEST-REF-0197
DEMO-INTERNATIONAL-20260924-0198,DEMO-NOT-VALID-INTERNATIONAL-0198,2029-12-31,298,TEST-REF-0198
DEMO-INTERNATIONAL-20260924-0199,DEMO-NOT-VALID-INTERNATIONAL-0199,2029-12-31,299,TEST-REF-0199
DEMO-INTERNATIONAL-20260924-0200,DEMO-NOT-VALID-INTERNATIONAL-0200,2029-12-31,300,TEST-REF-0200
DEMO-INTERNATIONAL-20260924-0201,DEMO-NOT-VALID-INTERNATIONAL-0201,2029-12-31,301,TEST-REF-0201
DEMO-INTERNATIONAL-20260924-0202,DEMO-NOT-VALID-INTERNATIONAL-0202,2029-12-31,302,TEST-REF-0202
DEMO-INTERNATIONAL-20260924-0203,DEMO-NOT-VALID-INTERNATIONAL-0203,2029-12-31,303,TEST-REF-0203
DEMO-INTERNATIONAL-20260924-0204,DEMO-NOT-VALID-INTERNATIONAL-0204,2029-12-31,304,TEST-REF-0204
DEMO-INTERNATIONAL-20260924-0205,DEMO-NOT-VALID-INTERNATIONAL-0205,2029-12-31,305,TEST-REF-0205
DEMO-INTERNATIONAL-20260924-0206,DEMO-NOT-VALID-INTERNATIONAL-0206,2029-12-31,306,TEST-REF-0206
DEMO-INTERNATIONAL-20260924-0207,DEMO-NOT-VALID-INTERNATIONAL-0207,2029-12-31,307,TEST-REF-0207
DEMO-INTERNATIONAL-20260924-0208,DEMO-NOT-VALID-INTERNATIONAL-0208,2029-12-31,308,TEST-REF-0208
DEMO-INTERNATIONAL-20260924-0209,DEMO-NOT-VALID-INTERNATIONAL-0209,2029-12-31,309,TEST-REF-0209
DEMO-INTERNATIONAL-20260924-0210,DEMO-NOT-VALID-INTERNATIONAL-0210,2029-12-31,310,TEST-REF-0210
DEMO-INTERNATIONAL-20260924-0211,DEMO-NOT-VALID-INTERNATIONAL-0211,2029-12-31,311,TEST-REF-0211
DEMO-INTERNATIONAL-20260924-0212,DEMO-NOT-VALID-INTERNATIONAL-0212,2029-12-31,312,TEST-REF-0212
DEMO-INTERNATIONAL-20260924-0213,DEMO-NOT-VALID-INTERNATIONAL-0213,2029-12-31,313,TEST-REF-0213
DEMO-INTERNATIONAL-20260924-0214,DEMO-NOT-VALID-INTERNATIONAL-0214,2029-12-31,314,TEST-REF-0214
DEMO-INTERNATIONAL-20260924-0215,DEMO-NOT-VALID-INTERNATIONAL-0215,2029-12-31,315,TEST-REF-0215
DEMO-INTERNATIONAL-20260924-0216,DEMO-NOT-VALID-INTERNATIONAL-0216,2029-12-31,316,TEST-REF-0216
DEMO-INTERNATIONAL-20260924-0217,DEMO-NOT-VALID-INTERNATIONAL-0217,2029-12-31,317,TEST-REF-0217
DEMO-INTERNATIONAL-20260924-0218,DEMO-NOT-VALID-INTERNATIONAL-0218,2029-12-31,318,TEST-REF-0218
DEMO-INTERNATIONAL-20260924-0219,DEMO-NOT-VALID-INTERNATIONAL-0219,2029-12-31,319,TEST-REF-0219
DEMO-INTERNATIONAL-20260924-0220,DEMO-NOT-VALID-INTERNATIONAL-0220,2029-12-31,320,TEST-REF-0220
DEMO-INTERNATIONAL-20260924-0221,DEMO-NOT-VALID-INTERNATIONAL-0221,2029-12-31,321,TEST-REF-0221
DEMO-INTERNATIONAL-20260924-0222,DEMO-NOT-VALID-INTERNATIONAL-0222,2029-12-31,322,TEST-REF-0222
DEMO-INTERNATIONAL-20260924-0223,DEMO-NOT-VALID-INTERNATIONAL-0223,2029-12-31,323,TEST-REF-0223
DEMO-INTERNATIONAL-20260924-0224,DEMO-NOT-VALID-INTERNATIONAL-0224,2029-12-31,324,TEST-REF-0224
DEMO-INTERNATIONAL-20260924-0225,DEMO-NOT-VALID-INTERNATIONAL-0225,2029-12-31,325,TEST-REF-0225
DEMO-INTERNATIONAL-20260924-0226,DEMO-NOT-VALID-INTERNATIONAL-0226,2029-12-31,326,TEST-REF-0226
DEMO-INTERNATIONAL-20260924-0227,DEMO-NOT-VALID-INTERNATIONAL-0227,2029-12-31,327,TEST-REF-0227
DEMO-INTERNATIONAL-20260924-0228,DEMO-NOT-VALID-INTERNATIONAL-0228,2029-12-31,328,TEST-REF-0228
DEMO-INTERNATIONAL-20260924-0229,DEMO-NOT-VALID-INTERNATIONAL-0229,2029-12-31,329,TEST-REF-0229
DEMO-INTERNATIONAL-20260924-0230,DEMO-NOT-VALID-INTERNATIONAL-0230,2029-12-31,330,TEST-REF-0230
DEMO-INTERNATIONAL-20260924-0231,DEMO-NOT-VALID-INTERNATIONAL-0231,2029-12-31,331,TEST-REF-0231
DEMO-INTERNATIONAL-20260924-0232,DEMO-NOT-VALID-INTERNATIONAL-0232,2029-12-31,332,TEST-REF-0232
DEMO-INTERNATIONAL-20260924-0233,DEMO-NOT-VALID-INTERNATIONAL-0233,2029-12-31,333,TEST-REF-0233
DEMO-INTERNATIONAL-20260924-0234,DEMO-NOT-VALID-INTERNATIONAL-0234,2029-12-31,334,TEST-REF-0234
DEMO-INTERNATIONAL-20260924-0235,DEMO-NOT-VALID-INTERNATIONAL-0235,2029-12-31,335,TEST-REF-0235
DEMO-INTERNATIONAL-20260924-0236,DEMO-NOT-VALID-INTERNATIONAL-0236,2029-12-31,336,TEST-REF-0236
DEMO-INTERNATIONAL-20260924-0237,DEMO-NOT-VALID-INTERNATIONAL-0237,2029-12-31,337,TEST-REF-0237
DEMO-INTERNATIONAL-20260924-0238,DEMO-NOT-VALID-INTERNATIONAL-0238,2029-12-31,338,TEST-REF-0238
DEMO-INTERNATIONAL-20260924-0239,DEMO-NOT-VALID-INTERNATIONAL-0239,2029-12-31,339,TEST-REF-0239
DEMO-INTERNATIONAL-20260924-0240,DEMO-NOT-VALID-INTERNATIONAL-0240,2029-12-31,340,TEST-REF-0240
DEMO-INTERNATIONAL-20260924-0241,DEMO-NOT-VALID-INTERNATIONAL-0241,2029-12-31,341,TEST-REF-0241
DEMO-INTERNATIONAL-20260924-0242,DEMO-NOT-VALID-INTERNATIONAL-0242,2029-12-31,342,TEST-REF-0242
DEMO-INTERNATIONAL-20260924-0243,DEMO-NOT-VALID-INTERNATIONAL-0243,2029-12-31,343,TEST-REF-0243
DEMO-INTERNATIONAL-20260924-0244,DEMO-NOT-VALID-INTERNATIONAL-0244,2029-12-31,344,TEST-REF-0244
DEMO-INTERNATIONAL-20260924-0245,DEMO-NOT-VALID-INTERNATIONAL-0245,2029-12-31,345,TEST-REF-0245
DEMO-INTERNATIONAL-20260924-0246,DEMO-NOT-VALID-INTERNATIONAL-0246,2029-12-31,346,TEST-REF-0246
DEMO-INTERNATIONAL-20260924-0247,DEMO-NOT-VALID-INTERNATIONAL-0247,2029-12-31,347,TEST-REF-0247
DEMO-INTERNATIONAL-20260924-0248,DEMO-NOT-VALID-INTERNATIONAL-0248,2029-12-31,348,TEST-REF-0248
DEMO-INTERNATIONAL-20260924-0249,DEMO-NOT-VALID-INTERNATIONAL-0249,2029-12-31,349,TEST-REF-0249
DEMO-INTERNATIONAL-20260924-0250,DEMO-NOT-VALID-INTERNATIONAL-0250,2029-12-31,350,TEST-REF-0250
DEMO-INTERNATIONAL-20260924-0251,DEMO-NOT-VALID-INTERNATIONAL-0251,2029-12-31,351,TEST-REF-0251
DEMO-INTERNATIONAL-20260924-0252,DEMO-NOT-VALID-INTERNATIONAL-0252,2029-12-31,352,TEST-REF-0252
DEMO-INTERNATIONAL-20260924-0253,DEMO-NOT-VALID-INTERNATIONAL-0253,2029-12-31,353,TEST-REF-0253
DEMO-INTERNATIONAL-20260924-0254,DEMO-NOT-VALID-INTERNATIONAL-0254,2029-12-31,354,TEST-REF-0254
DEMO-INTERNATIONAL-20260924-0255,DEMO-NOT-VALID-INTERNATIONAL-0255,2029-12-31,355,TEST-REF-0255
DEMO-INTERNATIONAL-20260924-0256,DEMO-NOT-VALID-INTERNATIONAL-0256,2029-12-31,356,TEST-REF-0256
DEMO-INTERNATIONAL-20260924-0257,DEMO-NOT-VALID-INTERNATIONAL-0257,2029-12-31,357,TEST-REF-0257
DEMO-INTERNATIONAL-20260924-0258,DEMO-NOT-VALID-INTERNATIONAL-0258,2029-12-31,358,TEST-REF-0258
DEMO-INTERNATIONAL-20260924-0259,DEMO-NOT-VALID-INTERNATIONAL-0259,2029-12-31,359,TEST-REF-0259
DEMO-INTERNATIONAL-20260924-0260,DEMO-NOT-VALID-INTERNATIONAL-0260,2029-12-31,360,TEST-REF-0260
DEMO-INTERNATIONAL-20260924-0261,DEMO-NOT-VALID-INTERNATIONAL-0261,2029-12-31,361,TEST-REF-0261
DEMO-INTERNATIONAL-20260924-0262,DEMO-NOT-VALID-INTERNATIONAL-0262,2029-12-31,362,TEST-REF-0262
DEMO-INTERNATIONAL-20260924-0263,DEMO-NOT-VALID-INTERNATIONAL-0263,2029-12-31,363,TEST-REF-0263
DEMO-INTERNATIONAL-20260924-0264,DEMO-NOT-VALID-INTERNATIONAL-0264,2029-12-31,364,TEST-REF-0264
DEMO-INTERNATIONAL-20260924-0265,DEMO-NOT-VALID-INTERNATIONAL-0265,2029-12-31,365,TEST-REF-0265
DEMO-INTERNATIONAL-20260924-0266,DEMO-NOT-VALID-INTERNATIONAL-0266,2029-12-31,366,TEST-REF-0266
DEMO-INTERNATIONAL-20260924-0267,DEMO-NOT-VALID-INTERNATIONAL-0267,2029-12-31,367,TEST-REF-0267
DEMO-INTERNATIONAL-20260924-0268,DEMO-NOT-VALID-INTERNATIONAL-0268,2029-12-31,368,TEST-REF-0268
DEMO-INTERNATIONAL-20260924-0269,DEMO-NOT-VALID-INTERNATIONAL-0269,2029-12-31,369,TEST-REF-0269
DEMO-INTERNATIONAL-20260924-0270,DEMO-NOT-VALID-INTERNATIONAL-0270,2029-12-31,370,TEST-REF-0270
DEMO-INTERNATIONAL-20260924-0271,DEMO-NOT-VALID-INTERNATIONAL-0271,2029-12-31,371,TEST-REF-0271
DEMO-INTERNATIONAL-20260924-0272,DEMO-NOT-VALID-INTERNATIONAL-0272,2029-12-31,372,TEST-REF-0272
DEMO-INTERNATIONAL-20260924-0273,DEMO-NOT-VALID-INTERNATIONAL-0273,2029-12-31,373,TEST-REF-0273
DEMO-INTERNATIONAL-20260924-0274,DEMO-NOT-VALID-INTERNATIONAL-0274,2029-12-31,374,TEST-REF-0274
DEMO-INTERNATIONAL-20260924-0275,DEMO-NOT-VALID-INTERNATIONAL-0275,2029-12-31,375,TEST-REF-0275
DEMO-INTERNATIONAL-20260924-0276,DEMO-NOT-VALID-INTERNATIONAL-0276,2029-12-31,376,TEST-REF-0276
DEMO-INTERNATIONAL-20260924-0277,DEMO-NOT-VALID-INTERNATIONAL-0277,2029-12-31,377,TEST-REF-0277
DEMO-INTERNATIONAL-20260924-0278,DEMO-NOT-VALID-INTERNATIONAL-0278,2029-12-31,378,TEST-REF-0278
DEMO-INTERNATIONAL-20260924-0279,DEMO-NOT-VALID-INTERNATIONAL-0279,2029-12-31,379,TEST-REF-0279
DEMO-INTERNATIONAL-20260924-0280,DEMO-NOT-VALID-INTERNATIONAL-0280,2029-12-31,380,TEST-REF-0280
DEMO-INTERNATIONAL-20260924-0281,DEMO-NOT-VALID-INTERNATIONAL-0281,2029-12-31,381,TEST-REF-0281
DEMO-INTERNATIONAL-20260924-0282,DEMO-NOT-VALID-INTERNATIONAL-0282,2029-12-31,382,TEST-REF-0282
DEMO-INTERNATIONAL-20260924-0283,DEMO-NOT-VALID-INTERNATIONAL-0283,2029-12-31,383,TEST-REF-0283
DEMO-INTERNATIONAL-20260924-0284,DEMO-NOT-VALID-INTERNATIONAL-0284,2029-12-31,384,TEST-REF-0284
DEMO-INTERNATIONAL-20260924-0285,DEMO-NOT-VALID-INTERNATIONAL-0285,2029-12-31,385,TEST-REF-0285
DEMO-INTERNATIONAL-20260924-0286,DEMO-NOT-VALID-INTERNATIONAL-0286,2029-12-31,386,TEST-REF-0286
DEMO-INTERNATIONAL-20260924-0287,DEMO-NOT-VALID-INTERNATIONAL-0287,2029-12-31,387,TEST-REF-0287
DEMO-INTERNATIONAL-20260924-0288,DEMO-NOT-VALID-INTERNATIONAL-0288,2029-12-31,388,TEST-REF-0288
DEMO-INTERNATIONAL-20260924-0289,DEMO-NOT-VALID-INTERNATIONAL-0289,2029-12-31,389,TEST-REF-0289
DEMO-INTERNATIONAL-20260924-0290,DEMO-NOT-VALID-INTERNATIONAL-0290,2029-12-31,390,TEST-REF-0290
DEMO-INTERNATIONAL-20260924-0291,DEMO-NOT-VALID-INTERNATIONAL-0291,2029-12-31,391,TEST-REF-0291
DEMO-INTERNATIONAL-20260924-0292,DEMO-NOT-VALID-INTERNATIONAL-0292,2029-12-31,392,TEST-REF-0292
DEMO-INTERNATIONAL-20260924-0293,DEMO-NOT-VALID-INTERNATIONAL-0293,2029-12-31,393,TEST-REF-0293
DEMO-INTERNATIONAL-20260924-0294,DEMO-NOT-VALID-INTERNATIONAL-0294,2029-12-31,394,TEST-REF-0294
DEMO-INTERNATIONAL-20260924-0295,DEMO-NOT-VALID-INTERNATIONAL-0295,2029-12-31,395,TEST-REF-0295
DEMO-INTERNATIONAL-20260924-0296,DEMO-NOT-VALID-INTERNATIONAL-0296,2029-12-31,396,TEST-REF-0296
DEMO-INTERNATIONAL-20260924-0297,DEMO-NOT-VALID-INTERNATIONAL-0297,2029-12-31,397,TEST-REF-0297
DEMO-INTERNATIONAL-20260924-0298,DEMO-NOT-VALID-INTERNATIONAL-0298,2029-12-31,398,TEST-REF-0298
DEMO-INTERNATIONAL-20260924-0299,DEMO-NOT-VALID-INTERNATIONAL-0299,2029-12-31,399,TEST-REF-0299
DEMO-INTERNATIONAL-20260924-0300,DEMO-NOT-VALID-INTERNATIONAL-0300,2029-12-31,400,TEST-REF-0300
DEMO-INTERNATIONAL-20260924-0301,DEMO-NOT-VALID-INTERNATIONAL-0301,2029-12-31,401,TEST-REF-0301
DEMO-INTERNATIONAL-20260924-0302,DEMO-NOT-VALID-INTERNATIONAL-0302,2029-12-31,402,TEST-REF-0302
DEMO-INTERNATIONAL-20260924-0303,DEMO-NOT-VALID-INTERNATIONAL-0303,2029-12-31,403,TEST-REF-0303
DEMO-INTERNATIONAL-20260924-0304,DEMO-NOT-VALID-INTERNATIONAL-0304,2029-12-31,404,TEST-REF-0304
DEMO-INTERNATIONAL-20260924-0305,DEMO-NOT-VALID-INTERNATIONAL-0305,2029-12-31,405,TEST-REF-0305
DEMO-INTERNATIONAL-20260924-0306,DEMO-NOT-VALID-INTERNATIONAL-0306,2029-12-31,406,TEST-REF-0306
DEMO-INTERNATIONAL-20260924-0307,DEMO-NOT-VALID-INTERNATIONAL-0307,2029-12-31,407,TEST-REF-0307
DEMO-INTERNATIONAL-20260924-0308,DEMO-NOT-VALID-INTERNATIONAL-0308,2029-12-31,408,TEST-REF-0308
DEMO-INTERNATIONAL-20260924-0309,DEMO-NOT-VALID-INTERNATIONAL-0309,2029-12-31,409,TEST-REF-0309
DEMO-INTERNATIONAL-20260924-0310,DEMO-NOT-VALID-INTERNATIONAL-0310,2029-12-31,410,TEST-REF-0310
DEMO-INTERNATIONAL-20260924-0311,DEMO-NOT-VALID-INTERNATIONAL-0311,2029-12-31,411,TEST-REF-0311
DEMO-INTERNATIONAL-20260924-0312,DEMO-NOT-VALID-INTERNATIONAL-0312,2029-12-31,412,TEST-REF-0312
DEMO-INTERNATIONAL-20260924-0313,DEMO-NOT-VALID-INTERNATIONAL-0313,2029-12-31,413,TEST-REF-0313
DEMO-INTERNATIONAL-20260924-0314,DEMO-NOT-VALID-INTERNATIONAL-0314,2029-12-31,414,TEST-REF-0314
DEMO-INTERNATIONAL-20260924-0315,DEMO-NOT-VALID-INTERNATIONAL-0315,2029-12-31,415,TEST-REF-0315
DEMO-INTERNATIONAL-20260924-0316,DEMO-NOT-VALID-INTERNATIONAL-0316,2029-12-31,416,TEST-REF-0316
DEMO-INTERNATIONAL-20260924-0317,DEMO-NOT-VALID-INTERNATIONAL-0317,2029-12-31,417,TEST-REF-0317
DEMO-INTERNATIONAL-20260924-0318,DEMO-NOT-VALID-INTERNATIONAL-0318,2029-12-31,418,TEST-REF-0318
DEMO-INTERNATIONAL-20260924-0319,DEMO-NOT-VALID-INTERNATIONAL-0319,2029-12-31,419,TEST-REF-0319
DEMO-INTERNATIONAL-20260924-0320,DEMO-NOT-VALID-INTERNATIONAL-0320,2029-12-31,420,TEST-REF-0320
DEMO-INTERNATIONAL-20260924-0321,DEMO-NOT-VALID-INTERNATIONAL-0321,2029-12-31,421,TEST-REF-0321
DEMO-INTERNATIONAL-20260924-0322,DEMO-NOT-VALID-INTERNATIONAL-0322,2029-12-31,422,TEST-REF-0322
DEMO-INTERNATIONAL-20260924-0323,DEMO-NOT-VALID-INTERNATIONAL-0323,2029-12-31,423,TEST-REF-0323
DEMO-INTERNATIONAL-20260924-0324,DEMO-NOT-VALID-INTERNATIONAL-0324,2029-12-31,424,TEST-REF-0324
DEMO-INTERNATIONAL-20260924-0325,DEMO-NOT-VALID-INTERNATIONAL-0325,2029-12-31,425,TEST-REF-0325
DEMO-INTERNATIONAL-20260924-0326,DEMO-NOT-VALID-INTERNATIONAL-0326,2029-12-31,426,TEST-REF-0326
DEMO-INTERNATIONAL-20260924-0327,DEMO-NOT-VALID-INTERNATIONAL-0327,2029-12-31,427,TEST-REF-0327
DEMO-INTERNATIONAL-20260924-0328,DEMO-NOT-VALID-INTERNATIONAL-0328,2029-12-31,428,TEST-REF-0328
DEMO-INTERNATIONAL-20260924-0329,DEMO-NOT-VALID-INTERNATIONAL-0329,2029-12-31,429,TEST-REF-0329
DEMO-INTERNATIONAL-20260924-0330,DEMO-NOT-VALID-INTERNATIONAL-0330,2029-12-31,430,TEST-REF-0330
DEMO-INTERNATIONAL-20260924-0331,DEMO-NOT-VALID-INTERNATIONAL-0331,2029-12-31,431,TEST-REF-0331
DEMO-INTERNATIONAL-20260924-0332,DEMO-NOT-VALID-INTERNATIONAL-0332,2029-12-31,432,TEST-REF-0332
DEMO-INTERNATIONAL-20260924-0333,DEMO-NOT-VALID-INTERNATIONAL-0333,2029-12-31,433,TEST-REF-0333
DEMO-INTERNATIONAL-20260924-0334,DEMO-NOT-VALID-INTERNATIONAL-0334,2029-12-31,434,TEST-REF-0334
DEMO-INTERNATIONAL-20260924-0335,DEMO-NOT-VALID-INTERNATIONAL-0335,2029-12-31,435,TEST-REF-0335
DEMO-INTERNATIONAL-20260924-0336,DEMO-NOT-VALID-INTERNATIONAL-0336,2029-12-31,436,TEST-REF-0336
DEMO-INTERNATIONAL-20260924-0337,DEMO-NOT-VALID-INTERNATIONAL-0337,2029-12-31,437,TEST-REF-0337
DEMO-INTERNATIONAL-20260924-0338,DEMO-NOT-VALID-INTERNATIONAL-0338,2029-12-31,438,TEST-REF-0338
DEMO-INTERNATIONAL-20260924-0339,DEMO-NOT-VALID-INTERNATIONAL-0339,2029-12-31,439,TEST-REF-0339
DEMO-INTERNATIONAL-20260924-0340,DEMO-NOT-VALID-INTERNATIONAL-0340,2029-12-31,440,TEST-REF-0340
DEMO-INTERNATIONAL-20260924-0341,DEMO-NOT-VALID-INTERNATIONAL-0341,2029-12-31,441,TEST-REF-0341
DEMO-INTERNATIONAL-20260924-0342,DEMO-NOT-VALID-INTERNATIONAL-0342,2029-12-31,442,TEST-REF-0342
DEMO-INTERNATIONAL-20260924-0343,DEMO-NOT-VALID-INTERNATIONAL-0343,2029-12-31,443,TEST-REF-0343
DEMO-INTERNATIONAL-20260924-0344,DEMO-NOT-VALID-INTERNATIONAL-0344,2029-12-31,444,TEST-REF-0344
DEMO-INTERNATIONAL-20260924-0345,DEMO-NOT-VALID-INTERNATIONAL-0345,2029-12-31,445,TEST-REF-0345
DEMO-INTERNATIONAL-20260924-0346,DEMO-NOT-VALID-INTERNATIONAL-0346,2029-12-31,446,TEST-REF-0346
DEMO-INTERNATIONAL-20260924-0347,DEMO-NOT-VALID-INTERNATIONAL-0347,2029-12-31,447,TEST-REF-0347
DEMO-INTERNATIONAL-20260924-0348,DEMO-NOT-VALID-INTERNATIONAL-0348,2029-12-31,448,TEST-REF-0348
DEMO-INTERNATIONAL-20260924-0349,DEMO-NOT-VALID-INTERNATIONAL-0349,2029-12-31,449,TEST-REF-0349
DEMO-INTERNATIONAL-20260924-0350,DEMO-NOT-VALID-INTERNATIONAL-0350,2029-12-31,450,TEST-REF-0350
DEMO-INTERNATIONAL-20260924-0351,DEMO-NOT-VALID-INTERNATIONAL-0351,2029-12-31,451,TEST-REF-0351
DEMO-INTERNATIONAL-20260924-0352,DEMO-NOT-VALID-INTERNATIONAL-0352,2029-12-31,452,TEST-REF-0352
DEMO-INTERNATIONAL-20260924-0353,DEMO-NOT-VALID-INTERNATIONAL-0353,2029-12-31,453,TEST-REF-0353
DEMO-INTERNATIONAL-20260924-0354,DEMO-NOT-VALID-INTERNATIONAL-0354,2029-12-31,454,TEST-REF-0354
DEMO-INTERNATIONAL-20260924-0355,DEMO-NOT-VALID-INTERNATIONAL-0355,2029-12-31,455,TEST-REF-0355
DEMO-INTERNATIONAL-20260924-0356,DEMO-NOT-VALID-INTERNATIONAL-0356,2029-12-31,456,TEST-REF-0356
DEMO-INTERNATIONAL-20260924-0357,DEMO-NOT-VALID-INTERNATIONAL-0357,2029-12-31,457,TEST-REF-0357
DEMO-INTERNATIONAL-20260924-0358,DEMO-NOT-VALID-INTERNATIONAL-0358,2029-12-31,458,TEST-REF-0358
DEMO-INTERNATIONAL-20260924-0359,DEMO-NOT-VALID-INTERNATIONAL-0359,2029-12-31,459,TEST-REF-0359
DEMO-INTERNATIONAL-20260924-0360,DEMO-NOT-VALID-INTERNATIONAL-0360,2029-12-31,460,TEST-REF-0360
DEMO-INTERNATIONAL-20260924-0361,DEMO-NOT-VALID-INTERNATIONAL-0361,2029-12-31,461,TEST-REF-0361
DEMO-INTERNATIONAL-20260924-0362,DEMO-NOT-VALID-INTERNATIONAL-0362,2029-12-31,462,TEST-REF-0362
DEMO-INTERNATIONAL-20260924-0363,DEMO-NOT-VALID-INTERNATIONAL-0363,2029-12-31,463,TEST-REF-0363
DEMO-INTERNATIONAL-20260924-0364,DEMO-NOT-VALID-INTERNATIONAL-0364,2029-12-31,464,TEST-REF-0364
DEMO-INTERNATIONAL-20260924-0365,DEMO-NOT-VALID-INTERNATIONAL-0365,2029-12-31,465,TEST-REF-0365
DEMO-INTERNATIONAL-20260924-0366,DEMO-NOT-VALID-INTERNATIONAL-0366,2029-12-31,466,TEST-REF-0366
DEMO-INTERNATIONAL-20260924-0367,DEMO-NOT-VALID-INTERNATIONAL-0367,2029-12-31,467,TEST-REF-0367
DEMO-INTERNATIONAL-20260924-0368,DEMO-NOT-VALID-INTERNATIONAL-0368,2029-12-31,468,TEST-REF-0368
DEMO-INTERNATIONAL-20260924-0369,DEMO-NOT-VALID-INTERNATIONAL-0369,2029-12-31,469,TEST-REF-0369
DEMO-INTERNATIONAL-20260924-0370,DEMO-NOT-VALID-INTERNATIONAL-0370,2029-12-31,470,TEST-REF-0370
DEMO-INTERNATIONAL-20260924-0371,DEMO-NOT-VALID-INTERNATIONAL-0371,2029-12-31,471,TEST-REF-0371
DEMO-INTERNATIONAL-20260924-0372,DEMO-NOT-VALID-INTERNATIONAL-0372,2029-12-31,472,TEST-REF-0372
DEMO-INTERNATIONAL-20260924-0373,DEMO-NOT-VALID-INTERNATIONAL-0373,2029-12-31,473,TEST-REF-0373
DEMO-INTERNATIONAL-20260924-0374,DEMO-NOT-VALID-INTERNATIONAL-0374,2029-12-31,474,TEST-REF-0374
DEMO-INTERNATIONAL-20260924-0375,DEMO-NOT-VALID-INTERNATIONAL-0375,2029-12-31,475,TEST-REF-0375
DEMO-INTERNATIONAL-20260924-0376,DEMO-NOT-VALID-INTERNATIONAL-0376,2029-12-31,476,TEST-REF-0376
DEMO-INTERNATIONAL-20260924-0377,DEMO-NOT-VALID-INTERNATIONAL-0377,2029-12-31,477,TEST-REF-0377
DEMO-INTERNATIONAL-20260924-0378,DEMO-NOT-VALID-INTERNATIONAL-0378,2029-12-31,478,TEST-REF-0378
DEMO-INTERNATIONAL-20260924-0379,DEMO-NOT-VALID-INTERNATIONAL-0379,2029-12-31,479,TEST-REF-0379
DEMO-INTERNATIONAL-20260924-0380,DEMO-NOT-VALID-INTERNATIONAL-0380,2029-12-31,480,TEST-REF-0380
DEMO-INTERNATIONAL-20260924-0381,DEMO-NOT-VALID-INTERNATIONAL-0381,2029-12-31,481,TEST-REF-0381
DEMO-INTERNATIONAL-20260924-0382,DEMO-NOT-VALID-INTERNATIONAL-0382,2029-12-31,482,TEST-REF-0382
DEMO-INTERNATIONAL-20260924-0383,DEMO-NOT-VALID-INTERNATIONAL-0383,2029-12-31,483,TEST-REF-0383
DEMO-INTERNATIONAL-20260924-0384,DEMO-NOT-VALID-INTERNATIONAL-0384,2029-12-31,484,TEST-REF-0384
DEMO-INTERNATIONAL-20260924-0385,DEMO-NOT-VALID-INTERNATIONAL-0385,2029-12-31,485,TEST-REF-0385
DEMO-INTERNATIONAL-20260924-0386,DEMO-NOT-VALID-INTERNATIONAL-0386,2029-12-31,486,TEST-REF-0386
DEMO-INTERNATIONAL-20260924-0387,DEMO-NOT-VALID-INTERNATIONAL-0387,2029-12-31,487,TEST-REF-0387
DEMO-INTERNATIONAL-20260924-0388,DEMO-NOT-VALID-INTERNATIONAL-0388,2029-12-31,488,TEST-REF-0388
DEMO-INTERNATIONAL-20260924-0389,DEMO-NOT-VALID-INTERNATIONAL-0389,2029-12-31,489,TEST-REF-0389
DEMO-INTERNATIONAL-20260924-0390,DEMO-NOT-VALID-INTERNATIONAL-0390,2029-12-31,490,TEST-REF-0390
DEMO-INTERNATIONAL-20260924-0391,DEMO-NOT-VALID-INTERNATIONAL-0391,2029-12-31,491,TEST-REF-0391
DEMO-INTERNATIONAL-20260924-0392,DEMO-NOT-VALID-INTERNATIONAL-0392,2029-12-31,492,TEST-REF-0392
DEMO-INTERNATIONAL-20260924-0393,DEMO-NOT-VALID-INTERNATIONAL-0393,2029-12-31,493,TEST-REF-0393
DEMO-INTERNATIONAL-20260924-0394,DEMO-NOT-VALID-INTERNATIONAL-0394,2029-12-31,494,TEST-REF-0394
DEMO-INTERNATIONAL-20260924-0395,DEMO-NOT-VALID-INTERNATIONAL-0395,2029-12-31,495,TEST-REF-0395
DEMO-INTERNATIONAL-20260924-0396,DEMO-NOT-VALID-INTERNATIONAL-0396,2029-12-31,496,TEST-REF-0396
DEMO-INTERNATIONAL-20260924-0397,DEMO-NOT-VALID-INTERNATIONAL-0397,2029-12-31,497,TEST-REF-0397
DEMO-INTERNATIONAL-20260924-0398,DEMO-NOT-VALID-INTERNATIONAL-0398,2029-12-31,498,TEST-REF-0398
DEMO-INTERNATIONAL-20260924-0399,DEMO-NOT-VALID-INTERNATIONAL-0399,2029-12-31,499,TEST-REF-0399
DEMO-INTERNATIONAL-20260924-0400,DEMO-NOT-VALID-INTERNATIONAL-0400,2029-12-31,500,TEST-REF-0400
DEMO-INTERNATIONAL-20260924-0401,DEMO-NOT-VALID-INTERNATIONAL-0401,2029-12-31,501,TEST-REF-0401
DEMO-INTERNATIONAL-20260924-0402,DEMO-NOT-VALID-INTERNATIONAL-0402,2029-12-31,502,TEST-REF-0402
DEMO-INTERNATIONAL-20260924-0403,DEMO-NOT-VALID-INTERNATIONAL-0403,2029-12-31,503,TEST-REF-0403
DEMO-INTERNATIONAL-20260924-0404,DEMO-NOT-VALID-INTERNATIONAL-0404,2029-12-31,504,TEST-REF-0404
DEMO-INTERNATIONAL-20260924-0405,DEMO-NOT-VALID-INTERNATIONAL-0405,2029-12-31,505,TEST-REF-0405
DEMO-INTERNATIONAL-20260924-0406,DEMO-NOT-VALID-INTERNATIONAL-0406,2029-12-31,506,TEST-REF-0406
DEMO-INTERNATIONAL-20260924-0407,DEMO-NOT-VALID-INTERNATIONAL-0407,2029-12-31,507,TEST-REF-0407
DEMO-INTERNATIONAL-20260924-0408,DEMO-NOT-VALID-INTERNATIONAL-0408,2029-12-31,508,TEST-REF-0408
DEMO-INTERNATIONAL-20260924-0409,DEMO-NOT-VALID-INTERNATIONAL-0409,2029-12-31,509,TEST-REF-0409
DEMO-INTERNATIONAL-20260924-0410,DEMO-NOT-VALID-INTERNATIONAL-0410,2029-12-31,510,TEST-REF-0410
DEMO-INTERNATIONAL-20260924-0411,DEMO-NOT-VALID-INTERNATIONAL-0411,2029-12-31,511,TEST-REF-0411
DEMO-INTERNATIONAL-20260924-0412,DEMO-NOT-VALID-INTERNATIONAL-0412,2029-12-31,512,TEST-REF-0412
DEMO-INTERNATIONAL-20260924-0413,DEMO-NOT-VALID-INTERNATIONAL-0413,2029-12-31,513,TEST-REF-0413
DEMO-INTERNATIONAL-20260924-0414,DEMO-NOT-VALID-INTERNATIONAL-0414,2029-12-31,514,TEST-REF-0414
DEMO-INTERNATIONAL-20260924-0415,DEMO-NOT-VALID-INTERNATIONAL-0415,2029-12-31,515,TEST-REF-0415
DEMO-INTERNATIONAL-20260924-0416,DEMO-NOT-VALID-INTERNATIONAL-0416,2029-12-31,516,TEST-REF-0416
DEMO-INTERNATIONAL-20260924-0417,DEMO-NOT-VALID-INTERNATIONAL-0417,2029-12-31,517,TEST-REF-0417
DEMO-INTERNATIONAL-20260924-0418,DEMO-NOT-VALID-INTERNATIONAL-0418,2029-12-31,518,TEST-REF-0418
DEMO-INTERNATIONAL-20260924-0419,DEMO-NOT-VALID-INTERNATIONAL-0419,2029-12-31,519,TEST-REF-0419
DEMO-INTERNATIONAL-20260924-0420,DEMO-NOT-VALID-INTERNATIONAL-0420,2029-12-31,520,TEST-REF-0420
DEMO-INTERNATIONAL-20260924-0421,DEMO-NOT-VALID-INTERNATIONAL-0421,2029-12-31,521,TEST-REF-0421
DEMO-INTERNATIONAL-20260924-0422,DEMO-NOT-VALID-INTERNATIONAL-0422,2029-12-31,522,TEST-REF-0422
DEMO-INTERNATIONAL-20260924-0423,DEMO-NOT-VALID-INTERNATIONAL-0423,2029-12-31,523,TEST-REF-0423
DEMO-INTERNATIONAL-20260924-0424,DEMO-NOT-VALID-INTERNATIONAL-0424,2029-12-31,524,TEST-REF-0424
DEMO-INTERNATIONAL-20260924-0425,DEMO-NOT-VALID-INTERNATIONAL-0425,2029-12-31,525,TEST-REF-0425
DEMO-INTERNATIONAL-20260924-0426,DEMO-NOT-VALID-INTERNATIONAL-0426,2029-12-31,526,TEST-REF-0426
DEMO-INTERNATIONAL-20260924-0427,DEMO-NOT-VALID-INTERNATIONAL-0427,2029-12-31,527,TEST-REF-0427
DEMO-INTERNATIONAL-20260924-0428,DEMO-NOT-VALID-INTERNATIONAL-0428,2029-12-31,528,TEST-REF-0428
DEMO-INTERNATIONAL-20260924-0429,DEMO-NOT-VALID-INTERNATIONAL-0429,2029-12-31,529,TEST-REF-0429
DEMO-INTERNATIONAL-20260924-0430,DEMO-NOT-VALID-INTERNATIONAL-0430,2029-12-31,530,TEST-REF-0430
DEMO-INTERNATIONAL-20260924-0431,DEMO-NOT-VALID-INTERNATIONAL-0431,2029-12-31,531,TEST-REF-0431
DEMO-INTERNATIONAL-20260924-0432,DEMO-NOT-VALID-INTERNATIONAL-0432,2029-12-31,532,TEST-REF-0432
DEMO-INTERNATIONAL-20260924-0433,DEMO-NOT-VALID-INTERNATIONAL-0433,2029-12-31,533,TEST-REF-0433
DEMO-INTERNATIONAL-20260924-0434,DEMO-NOT-VALID-INTERNATIONAL-0434,2029-12-31,534,TEST-REF-0434
DEMO-INTERNATIONAL-20260924-0435,DEMO-NOT-VALID-INTERNATIONAL-0435,2029-12-31,535,TEST-REF-0435
DEMO-INTERNATIONAL-20260924-0436,DEMO-NOT-VALID-INTERNATIONAL-0436,2029-12-31,536,TEST-REF-0436
DEMO-INTERNATIONAL-20260924-0437,DEMO-NOT-VALID-INTERNATIONAL-0437,2029-12-31,537,TEST-REF-0437
DEMO-INTERNATIONAL-20260924-0438,DEMO-NOT-VALID-INTERNATIONAL-0438,2029-12-31,538,TEST-REF-0438
DEMO-INTERNATIONAL-20260924-0439,DEMO-NOT-VALID-INTERNATIONAL-0439,2029-12-31,539,TEST-REF-0439
DEMO-INTERNATIONAL-20260924-0440,DEMO-NOT-VALID-INTERNATIONAL-0440,2029-12-31,540,TEST-REF-0440
DEMO-INTERNATIONAL-20260924-0441,DEMO-NOT-VALID-INTERNATIONAL-0441,2029-12-31,541,TEST-REF-0441
DEMO-INTERNATIONAL-20260924-0442,DEMO-NOT-VALID-INTERNATIONAL-0442,2029-12-31,542,TEST-REF-0442
DEMO-INTERNATIONAL-20260924-0443,DEMO-NOT-VALID-INTERNATIONAL-0443,2029-12-31,543,TEST-REF-0443
DEMO-INTERNATIONAL-20260924-0444,DEMO-NOT-VALID-INTERNATIONAL-0444,2029-12-31,544,TEST-REF-0444
DEMO-INTERNATIONAL-20260924-0445,DEMO-NOT-VALID-INTERNATIONAL-0445,2029-12-31,545,TEST-REF-0445
DEMO-INTERNATIONAL-20260924-0446,DEMO-NOT-VALID-INTERNATIONAL-0446,2029-12-31,546,TEST-REF-0446
DEMO-INTERNATIONAL-20260924-0447,DEMO-NOT-VALID-INTERNATIONAL-0447,2029-12-31,547,TEST-REF-0447
DEMO-INTERNATIONAL-20260924-0448,DEMO-NOT-VALID-INTERNATIONAL-0448,2029-12-31,548,TEST-REF-0448
DEMO-INTERNATIONAL-20260924-0449,DEMO-NOT-VALID-INTERNATIONAL-0449,2029-12-31,549,TEST-REF-0449
DEMO-INTERNATIONAL-20260924-0450,DEMO-NOT-VALID-INTERNATIONAL-0450,2029-12-31,550,TEST-REF-0450
DEMO-INTERNATIONAL-20260924-0451,DEMO-NOT-VALID-INTERNATIONAL-0451,2029-12-31,551,TEST-REF-0451
DEMO-INTERNATIONAL-20260924-0452,DEMO-NOT-VALID-INTERNATIONAL-0452,2029-12-31,552,TEST-REF-0452
DEMO-INTERNATIONAL-20260924-0453,DEMO-NOT-VALID-INTERNATIONAL-0453,2029-12-31,553,TEST-REF-0453
DEMO-INTERNATIONAL-20260924-0454,DEMO-NOT-VALID-INTERNATIONAL-0454,2029-12-31,554,TEST-REF-0454
DEMO-INTERNATIONAL-20260924-0455,DEMO-NOT-VALID-INTERNATIONAL-0455,2029-12-31,555,TEST-REF-0455
DEMO-INTERNATIONAL-20260924-0456,DEMO-NOT-VALID-INTERNATIONAL-0456,2029-12-31,556,TEST-REF-0456
DEMO-INTERNATIONAL-20260924-0457,DEMO-NOT-VALID-INTERNATIONAL-0457,2029-12-31,557,TEST-REF-0457
DEMO-INTERNATIONAL-20260924-0458,DEMO-NOT-VALID-INTERNATIONAL-0458,2029-12-31,558,TEST-REF-0458
DEMO-INTERNATIONAL-20260924-0459,DEMO-NOT-VALID-INTERNATIONAL-0459,2029-12-31,559,TEST-REF-0459
DEMO-INTERNATIONAL-20260924-0460,DEMO-NOT-VALID-INTERNATIONAL-0460,2029-12-31,560,TEST-REF-0460
DEMO-INTERNATIONAL-20260924-0461,DEMO-NOT-VALID-INTERNATIONAL-0461,2029-12-31,561,TEST-REF-0461
DEMO-INTERNATIONAL-20260924-0462,DEMO-NOT-VALID-INTERNATIONAL-0462,2029-12-31,562,TEST-REF-0462
DEMO-INTERNATIONAL-20260924-0463,DEMO-NOT-VALID-INTERNATIONAL-0463,2029-12-31,563,TEST-REF-0463
DEMO-INTERNATIONAL-20260924-0464,DEMO-NOT-VALID-INTERNATIONAL-0464,2029-12-31,564,TEST-REF-0464
DEMO-INTERNATIONAL-20260924-0465,DEMO-NOT-VALID-INTERNATIONAL-0465,2029-12-31,565,TEST-REF-0465
DEMO-INTERNATIONAL-20260924-0466,DEMO-NOT-VALID-INTERNATIONAL-0466,2029-12-31,566,TEST-REF-0466
DEMO-INTERNATIONAL-20260924-0467,DEMO-NOT-VALID-INTERNATIONAL-0467,2029-12-31,567,TEST-REF-0467
DEMO-INTERNATIONAL-20260924-0468,DEMO-NOT-VALID-INTERNATIONAL-0468,2029-12-31,568,TEST-REF-0468
DEMO-INTERNATIONAL-20260924-0469,DEMO-NOT-VALID-INTERNATIONAL-0469,2029-12-31,569,TEST-REF-0469
DEMO-INTERNATIONAL-20260924-0470,DEMO-NOT-VALID-INTERNATIONAL-0470,2029-12-31,570,TEST-REF-0470
DEMO-INTERNATIONAL-20260924-0471,DEMO-NOT-VALID-INTERNATIONAL-0471,2029-12-31,571,TEST-REF-0471
DEMO-INTERNATIONAL-20260924-0472,DEMO-NOT-VALID-INTERNATIONAL-0472,2029-12-31,572,TEST-REF-0472
DEMO-INTERNATIONAL-20260924-0473,DEMO-NOT-VALID-INTERNATIONAL-0473,2029-12-31,573,TEST-REF-0473
DEMO-INTERNATIONAL-20260924-0474,DEMO-NOT-VALID-INTERNATIONAL-0474,2029-12-31,574,TEST-REF-0474
DEMO-INTERNATIONAL-20260924-0475,DEMO-NOT-VALID-INTERNATIONAL-0475,2029-12-31,575,TEST-REF-0475
DEMO-INTERNATIONAL-20260924-0476,DEMO-NOT-VALID-INTERNATIONAL-0476,2029-12-31,576,TEST-REF-0476
DEMO-INTERNATIONAL-20260924-0477,DEMO-NOT-VALID-INTERNATIONAL-0477,2029-12-31,577,TEST-REF-0477
DEMO-INTERNATIONAL-20260924-0478,DEMO-NOT-VALID-INTERNATIONAL-0478,2029-12-31,578,TEST-REF-0478
DEMO-INTERNATIONAL-20260924-0479,DEMO-NOT-VALID-INTERNATIONAL-0479,2029-12-31,579,TEST-REF-0479
DEMO-INTERNATIONAL-20260924-0480,DEMO-NOT-VALID-INTERNATIONAL-0480,2029-12-31,580,TEST-REF-0480
DEMO-INTERNATIONAL-20260924-0481,DEMO-NOT-VALID-INTERNATIONAL-0481,2029-12-31,581,TEST-REF-0481
DEMO-INTERNATIONAL-20260924-0482,DEMO-NOT-VALID-INTERNATIONAL-0482,2029-12-31,582,TEST-REF-0482
DEMO-INTERNATIONAL-20260924-0483,DEMO-NOT-VALID-INTERNATIONAL-0483,2029-12-31,583,TEST-REF-0483
DEMO-INTERNATIONAL-20260924-0484,DEMO-NOT-VALID-INTERNATIONAL-0484,2029-12-31,584,TEST-REF-0484
DEMO-INTERNATIONAL-20260924-0485,DEMO-NOT-VALID-INTERNATIONAL-0485,2029-12-31,585,TEST-REF-0485
DEMO-INTERNATIONAL-20260924-0486,DEMO-NOT-VALID-INTERNATIONAL-0486,2029-12-31,586,TEST-REF-0486
DEMO-INTERNATIONAL-20260924-0487,DEMO-NOT-VALID-INTERNATIONAL-0487,2029-12-31,587,TEST-REF-0487
DEMO-INTERNATIONAL-20260924-0488,DEMO-NOT-VALID-INTERNATIONAL-0488,2029-12-31,588,TEST-REF-0488
DEMO-INTERNATIONAL-20260924-0489,DEMO-NOT-VALID-INTERNATIONAL-0489,2029-12-31,589,TEST-REF-0489
DEMO-INTERNATIONAL-20260924-0490,DEMO-NOT-VALID-INTERNATIONAL-0490,2029-12-31,590,TEST-REF-0490
DEMO-INTERNATIONAL-20260924-0491,DEMO-NOT-VALID-INTERNATIONAL-0491,2029-12-31,591,TEST-REF-0491
DEMO-INTERNATIONAL-20260924-0492,DEMO-NOT-VALID-INTERNATIONAL-0492,2029-12-31,592,TEST-REF-0492
DEMO-INTERNATIONAL-20260924-0493,DEMO-NOT-VALID-INTERNATIONAL-0493,2029-12-31,593,TEST-REF-0493
DEMO-INTERNATIONAL-20260924-0494,DEMO-NOT-VALID-INTERNATIONAL-0494,2029-12-31,594,TEST-REF-0494
DEMO-INTERNATIONAL-20260924-0495,DEMO-NOT-VALID-INTERNATIONAL-0495,2029-12-31,595,TEST-REF-0495
DEMO-INTERNATIONAL-20260924-0496,DEMO-NOT-VALID-INTERNATIONAL-0496,2029-12-31,596,TEST-REF-0496
DEMO-INTERNATIONAL-20260924-0497,DEMO-NOT-VALID-INTERNATIONAL-0497,2029-12-31,597,TEST-REF-0497
DEMO-INTERNATIONAL-20260924-0498,DEMO-NOT-VALID-INTERNATIONAL-0498,2029-12-31,598,TEST-REF-0498
DEMO-INTERNATIONAL-20260924-0499,DEMO-NOT-VALID-INTERNATIONAL-0499,2029-12-31,599,TEST-REF-0499
DEMO-INTERNATIONAL-20260924-0500,DEMO-NOT-VALID-INTERNATIONAL-0500,2029-12-31,600,TEST-REF-0500
DEMO-INTERNATIONAL-20260924-0501,DEMO-NOT-VALID-INTERNATIONAL-0501,2029-12-31,601,TEST-REF-0501
DEMO-INTERNATIONAL-20260924-0502,DEMO-NOT-VALID-INTERNATIONAL-0502,2029-12-31,602,TEST-REF-0502
DEMO-INTERNATIONAL-20260924-0503,DEMO-NOT-VALID-INTERNATIONAL-0503,2029-12-31,603,TEST-REF-0503
DEMO-INTERNATIONAL-20260924-0504,DEMO-NOT-VALID-INTERNATIONAL-0504,2029-12-31,604,TEST-REF-0504
DEMO-INTERNATIONAL-20260924-0505,DEMO-NOT-VALID-INTERNATIONAL-0505,2029-12-31,605,TEST-REF-0505
DEMO-INTERNATIONAL-20260924-0506,DEMO-NOT-VALID-INTERNATIONAL-0506,2029-12-31,606,TEST-REF-0506
DEMO-INTERNATIONAL-20260924-0507,DEMO-NOT-VALID-INTERNATIONAL-0507,2029-12-31,607,TEST-REF-0507
DEMO-INTERNATIONAL-20260924-0508,DEMO-NOT-VALID-INTERNATIONAL-0508,2029-12-31,608,TEST-REF-0508
DEMO-INTERNATIONAL-20260924-0509,DEMO-NOT-VALID-INTERNATIONAL-0509,2029-12-31,609,TEST-REF-0509
DEMO-INTERNATIONAL-20260924-0510,DEMO-NOT-VALID-INTERNATIONAL-0510,2029-12-31,610,TEST-REF-0510
DEMO-INTERNATIONAL-20260924-0511,DEMO-NOT-VALID-INTERNATIONAL-0511,2029-12-31,611,TEST-REF-0511
DEMO-INTERNATIONAL-20260924-0512,DEMO-NOT-VALID-INTERNATIONAL-0512,2029-12-31,612,TEST-REF-0512
DEMO-INTERNATIONAL-20260924-0513,DEMO-NOT-VALID-INTERNATIONAL-0513,2029-12-31,613,TEST-REF-0513
DEMO-INTERNATIONAL-20260924-0514,DEMO-NOT-VALID-INTERNATIONAL-0514,2029-12-31,614,TEST-REF-0514
DEMO-INTERNATIONAL-20260924-0515,DEMO-NOT-VALID-INTERNATIONAL-0515,2029-12-31,615,TEST-REF-0515
DEMO-INTERNATIONAL-20260924-0516,DEMO-NOT-VALID-INTERNATIONAL-0516,2029-12-31,616,TEST-REF-0516
DEMO-INTERNATIONAL-20260924-0517,DEMO-NOT-VALID-INTERNATIONAL-0517,2029-12-31,617,TEST-REF-0517
DEMO-INTERNATIONAL-20260924-0518,DEMO-NOT-VALID-INTERNATIONAL-0518,2029-12-31,618,TEST-REF-0518
DEMO-INTERNATIONAL-20260924-0519,DEMO-NOT-VALID-INTERNATIONAL-0519,2029-12-31,619,TEST-REF-0519
DEMO-INTERNATIONAL-20260924-0520,DEMO-NOT-VALID-INTERNATIONAL-0520,2029-12-31,620,TEST-REF-0520
DEMO-INTERNATIONAL-20260924-0521,DEMO-NOT-VALID-INTERNATIONAL-0521,2029-12-31,621,TEST-REF-0521
DEMO-INTERNATIONAL-20260924-0522,DEMO-NOT-VALID-INTERNATIONAL-0522,2029-12-31,622,TEST-REF-0522
DEMO-INTERNATIONAL-20260924-0523,DEMO-NOT-VALID-INTERNATIONAL-0523,2029-12-31,623,TEST-REF-0523
DEMO-INTERNATIONAL-20260924-0524,DEMO-NOT-VALID-INTERNATIONAL-0524,2029-12-31,624,TEST-REF-0524
DEMO-INTERNATIONAL-20260924-0525,DEMO-NOT-VALID-INTERNATIONAL-0525,2029-12-31,625,TEST-REF-0525
DEMO-INTERNATIONAL-20260924-0526,DEMO-NOT-VALID-INTERNATIONAL-0526,2029-12-31,626,TEST-REF-0526
DEMO-INTERNATIONAL-20260924-0527,DEMO-NOT-VALID-INTERNATIONAL-0527,2029-12-31,627,TEST-REF-0527
DEMO-INTERNATIONAL-20260924-0528,DEMO-NOT-VALID-INTERNATIONAL-0528,2029-12-31,628,TEST-REF-0528
DEMO-INTERNATIONAL-20260924-0529,DEMO-NOT-VALID-INTERNATIONAL-0529,2029-12-31,629,TEST-REF-0529
DEMO-INTERNATIONAL-20260924-0530,DEMO-NOT-VALID-INTERNATIONAL-0530,2029-12-31,630,TEST-REF-0530
DEMO-INTERNATIONAL-20260924-0531,DEMO-NOT-VALID-INTERNATIONAL-0531,2029-12-31,631,TEST-REF-0531
DEMO-INTERNATIONAL-20260924-0532,DEMO-NOT-VALID-INTERNATIONAL-0532,2029-12-31,632,TEST-REF-0532
DEMO-INTERNATIONAL-20260924-0533,DEMO-NOT-VALID-INTERNATIONAL-0533,2029-12-31,633,TEST-REF-0533
DEMO-INTERNATIONAL-20260924-0534,DEMO-NOT-VALID-INTERNATIONAL-0534,2029-12-31,634,TEST-REF-0534
DEMO-INTERNATIONAL-20260924-0535,DEMO-NOT-VALID-INTERNATIONAL-0535,2029-12-31,635,TEST-REF-0535
DEMO-INTERNATIONAL-20260924-0536,DEMO-NOT-VALID-INTERNATIONAL-0536,2029-12-31,636,TEST-REF-0536
DEMO-INTERNATIONAL-20260924-0537,DEMO-NOT-VALID-INTERNATIONAL-0537,2029-12-31,637,TEST-REF-0537
DEMO-INTERNATIONAL-20260924-0538,DEMO-NOT-VALID-INTERNATIONAL-0538,2029-12-31,638,TEST-REF-0538
DEMO-INTERNATIONAL-20260924-0539,DEMO-NOT-VALID-INTERNATIONAL-0539,2029-12-31,639,TEST-REF-0539
DEMO-INTERNATIONAL-20260924-0540,DEMO-NOT-VALID-INTERNATIONAL-0540,2029-12-31,640,TEST-REF-0540
DEMO-INTERNATIONAL-20260924-0541,DEMO-NOT-VALID-INTERNATIONAL-0541,2029-12-31,641,TEST-REF-0541
DEMO-INTERNATIONAL-20260924-0542,DEMO-NOT-VALID-INTERNATIONAL-0542,2029-12-31,642,TEST-REF-0542
DEMO-INTERNATIONAL-20260924-0543,DEMO-NOT-VALID-INTERNATIONAL-0543,2029-12-31,643,TEST-REF-0543
DEMO-INTERNATIONAL-20260924-0544,DEMO-NOT-VALID-INTERNATIONAL-0544,2029-12-31,644,TEST-REF-0544
DEMO-INTERNATIONAL-20260924-0545,DEMO-NOT-VALID-INTERNATIONAL-0545,2029-12-31,645,TEST-REF-0545
DEMO-INTERNATIONAL-20260924-0546,DEMO-NOT-VALID-INTERNATIONAL-0546,2029-12-31,646,TEST-REF-0546
DEMO-INTERNATIONAL-20260924-0547,DEMO-NOT-VALID-INTERNATIONAL-0547,2029-12-31,647,TEST-REF-0547
DEMO-INTERNATIONAL-20260924-0548,DEMO-NOT-VALID-INTERNATIONAL-0548,2029-12-31,648,TEST-REF-0548
DEMO-INTERNATIONAL-20260924-0549,DEMO-NOT-VALID-INTERNATIONAL-0549,2029-12-31,649,TEST-REF-0549
DEMO-INTERNATIONAL-20260924-0550,DEMO-NOT-VALID-INTERNATIONAL-0550,2029-12-31,650,TEST-REF-0550
DEMO-INTERNATIONAL-20260924-0551,DEMO-NOT-VALID-INTERNATIONAL-0551,2029-12-31,651,TEST-REF-0551
DEMO-INTERNATIONAL-20260924-0552,DEMO-NOT-VALID-INTERNATIONAL-0552,2029-12-31,652,TEST-REF-0552
DEMO-INTERNATIONAL-20260924-0553,DEMO-NOT-VALID-INTERNATIONAL-0553,2029-12-31,653,TEST-REF-0553
DEMO-INTERNATIONAL-20260924-0554,DEMO-NOT-VALID-INTERNATIONAL-0554,2029-12-31,654,TEST-REF-0554
DEMO-INTERNATIONAL-20260924-0555,DEMO-NOT-VALID-INTERNATIONAL-0555,2029-12-31,655,TEST-REF-0555
DEMO-INTERNATIONAL-20260924-0556,DEMO-NOT-VALID-INTERNATIONAL-0556,2029-12-31,656,TEST-REF-0556
DEMO-INTERNATIONAL-20260924-0557,DEMO-NOT-VALID-INTERNATIONAL-0557,2029-12-31,657,TEST-REF-0557
DEMO-INTERNATIONAL-20260924-0558,DEMO-NOT-VALID-INTERNATIONAL-0558,2029-12-31,658,TEST-REF-0558
DEMO-INTERNATIONAL-20260924-0559,DEMO-NOT-VALID-INTERNATIONAL-0559,2029-12-31,659,TEST-REF-0559
DEMO-INTERNATIONAL-20260924-0560,DEMO-NOT-VALID-INTERNATIONAL-0560,2029-12-31,660,TEST-REF-0560
DEMO-INTERNATIONAL-20260924-0561,DEMO-NOT-VALID-INTERNATIONAL-0561,2029-12-31,661,TEST-REF-0561
DEMO-INTERNATIONAL-20260924-0562,DEMO-NOT-VALID-INTERNATIONAL-0562,2029-12-31,662,TEST-REF-0562
DEMO-INTERNATIONAL-20260924-0563,DEMO-NOT-VALID-INTERNATIONAL-0563,2029-12-31,663,TEST-REF-0563
DEMO-INTERNATIONAL-20260924-0564,DEMO-NOT-VALID-INTERNATIONAL-0564,2029-12-31,664,TEST-REF-0564
DEMO-INTERNATIONAL-20260924-0565,DEMO-NOT-VALID-INTERNATIONAL-0565,2029-12-31,665,TEST-REF-0565
DEMO-INTERNATIONAL-20260924-0566,DEMO-NOT-VALID-INTERNATIONAL-0566,2029-12-31,666,TEST-REF-0566
DEMO-INTERNATIONAL-20260924-0567,DEMO-NOT-VALID-INTERNATIONAL-0567,2029-12-31,667,TEST-REF-0567
DEMO-INTERNATIONAL-20260924-0568,DEMO-NOT-VALID-INTERNATIONAL-0568,2029-12-31,668,TEST-REF-0568
DEMO-INTERNATIONAL-20260924-0569,DEMO-NOT-VALID-INTERNATIONAL-0569,2029-12-31,669,TEST-REF-0569
DEMO-INTERNATIONAL-20260924-0570,DEMO-NOT-VALID-INTERNATIONAL-0570,2029-12-31,670,TEST-REF-0570
DEMO-INTERNATIONAL-20260924-0571,DEMO-NOT-VALID-INTERNATIONAL-0571,2029-12-31,671,TEST-REF-0571
DEMO-INTERNATIONAL-20260924-0572,DEMO-NOT-VALID-INTERNATIONAL-0572,2029-12-31,672,TEST-REF-0572
DEMO-INTERNATIONAL-20260924-0573,DEMO-NOT-VALID-INTERNATIONAL-0573,2029-12-31,673,TEST-REF-0573
DEMO-INTERNATIONAL-20260924-0574,DEMO-NOT-VALID-INTERNATIONAL-0574,2029-12-31,674,TEST-REF-0574
DEMO-INTERNATIONAL-20260924-0575,DEMO-NOT-VALID-INTERNATIONAL-0575,2029-12-31,675,TEST-REF-0575
DEMO-INTERNATIONAL-20260924-0576,DEMO-NOT-VALID-INTERNATIONAL-0576,2029-12-31,676,TEST-REF-0576
DEMO-INTERNATIONAL-20260924-0577,DEMO-NOT-VALID-INTERNATIONAL-0577,2029-12-31,677,TEST-REF-0577
DEMO-INTERNATIONAL-20260924-0578,DEMO-NOT-VALID-INTERNATIONAL-0578,2029-12-31,678,TEST-REF-0578
DEMO-INTERNATIONAL-20260924-0579,DEMO-NOT-VALID-INTERNATIONAL-0579,2029-12-31,679,TEST-REF-0579
DEMO-INTERNATIONAL-20260924-0580,DEMO-NOT-VALID-INTERNATIONAL-0580,2029-12-31,680,TEST-REF-0580
DEMO-INTERNATIONAL-20260924-0581,DEMO-NOT-VALID-INTERNATIONAL-0581,2029-12-31,681,TEST-REF-0581
DEMO-INTERNATIONAL-20260924-0582,DEMO-NOT-VALID-INTERNATIONAL-0582,2029-12-31,682,TEST-REF-0582
DEMO-INTERNATIONAL-20260924-0583,DEMO-NOT-VALID-INTERNATIONAL-0583,2029-12-31,683,TEST-REF-0583
DEMO-INTERNATIONAL-20260924-0584,DEMO-NOT-VALID-INTERNATIONAL-0584,2029-12-31,684,TEST-REF-0584
DEMO-INTERNATIONAL-20260924-0585,DEMO-NOT-VALID-INTERNATIONAL-0585,2029-12-31,685,TEST-REF-0585
DEMO-INTERNATIONAL-20260924-0586,DEMO-NOT-VALID-INTERNATIONAL-0586,2029-12-31,686,TEST-REF-0586
DEMO-INTERNATIONAL-20260924-0587,DEMO-NOT-VALID-INTERNATIONAL-0587,2029-12-31,687,TEST-REF-0587
DEMO-INTERNATIONAL-20260924-0588,DEMO-NOT-VALID-INTERNATIONAL-0588,2029-12-31,688,TEST-REF-0588
DEMO-INTERNATIONAL-20260924-0589,DEMO-NOT-VALID-INTERNATIONAL-0589,2029-12-31,689,TEST-REF-0589
DEMO-INTERNATIONAL-20260924-0590,DEMO-NOT-VALID-INTERNATIONAL-0590,2029-12-31,690,TEST-REF-0590
DEMO-INTERNATIONAL-20260924-0591,DEMO-NOT-VALID-INTERNATIONAL-0591,2029-12-31,691,TEST-REF-0591
DEMO-INTERNATIONAL-20260924-0592,DEMO-NOT-VALID-INTERNATIONAL-0592,2029-12-31,692,TEST-REF-0592
DEMO-INTERNATIONAL-20260924-0593,DEMO-NOT-VALID-INTERNATIONAL-0593,2029-12-31,693,TEST-REF-0593
DEMO-INTERNATIONAL-20260924-0594,DEMO-NOT-VALID-INTERNATIONAL-0594,2029-12-31,694,TEST-REF-0594
DEMO-INTERNATIONAL-20260924-0595,DEMO-NOT-VALID-INTERNATIONAL-0595,2029-12-31,695,TEST-REF-0595
DEMO-INTERNATIONAL-20260924-0596,DEMO-NOT-VALID-INTERNATIONAL-0596,2029-12-31,696,TEST-REF-0596
DEMO-INTERNATIONAL-20260924-0597,DEMO-NOT-VALID-INTERNATIONAL-0597,2029-12-31,697,TEST-REF-0597
DEMO-INTERNATIONAL-20260924-0598,DEMO-NOT-VALID-INTERNATIONAL-0598,2029-12-31,698,TEST-REF-0598
DEMO-INTERNATIONAL-20260924-0599,DEMO-NOT-VALID-INTERNATIONAL-0599,2029-12-31,699,TEST-REF-0599
DEMO-INTERNATIONAL-20260924-0600,DEMO-NOT-VALID-INTERNATIONAL-0600,2029-12-31,700,TEST-REF-0600
DEMO-INTERNATIONAL-20260924-0601,DEMO-NOT-VALID-INTERNATIONAL-0601,2029-12-31,701,TEST-REF-0601
DEMO-INTERNATIONAL-20260924-0602,DEMO-NOT-VALID-INTERNATIONAL-0602,2029-12-31,702,TEST-REF-0602
DEMO-INTERNATIONAL-20260924-0603,DEMO-NOT-VALID-INTERNATIONAL-0603,2029-12-31,703,TEST-REF-0603
DEMO-INTERNATIONAL-20260924-0604,DEMO-NOT-VALID-INTERNATIONAL-0604,2029-12-31,704,TEST-REF-0604
DEMO-INTERNATIONAL-20260924-0605,DEMO-NOT-VALID-INTERNATIONAL-0605,2029-12-31,705,TEST-REF-0605
DEMO-INTERNATIONAL-20260924-0606,DEMO-NOT-VALID-INTERNATIONAL-0606,2029-12-31,706,TEST-REF-0606
DEMO-INTERNATIONAL-20260924-0607,DEMO-NOT-VALID-INTERNATIONAL-0607,2029-12-31,707,TEST-REF-0607
DEMO-INTERNATIONAL-20260924-0608,DEMO-NOT-VALID-INTERNATIONAL-0608,2029-12-31,708,TEST-REF-0608
DEMO-INTERNATIONAL-20260924-0609,DEMO-NOT-VALID-INTERNATIONAL-0609,2029-12-31,709,TEST-REF-0609
DEMO-INTERNATIONAL-20260924-0610,DEMO-NOT-VALID-INTERNATIONAL-0610,2029-12-31,710,TEST-REF-0610
DEMO-INTERNATIONAL-20260924-0611,DEMO-NOT-VALID-INTERNATIONAL-0611,2029-12-31,711,TEST-REF-0611
DEMO-INTERNATIONAL-20260924-0612,DEMO-NOT-VALID-INTERNATIONAL-0612,2029-12-31,712,TEST-REF-0612
DEMO-INTERNATIONAL-20260924-0613,DEMO-NOT-VALID-INTERNATIONAL-0613,2029-12-31,713,TEST-REF-0613
DEMO-INTERNATIONAL-20260924-0614,DEMO-NOT-VALID-INTERNATIONAL-0614,2029-12-31,714,TEST-REF-0614
DEMO-INTERNATIONAL-20260924-0615,DEMO-NOT-VALID-INTERNATIONAL-0615,2029-12-31,715,TEST-REF-0615
DEMO-INTERNATIONAL-20260924-0616,DEMO-NOT-VALID-INTERNATIONAL-0616,2029-12-31,716,TEST-REF-0616
DEMO-INTERNATIONAL-20260924-0617,DEMO-NOT-VALID-INTERNATIONAL-0617,2029-12-31,717,TEST-REF-0617
DEMO-INTERNATIONAL-20260924-0618,DEMO-NOT-VALID-INTERNATIONAL-0618,2029-12-31,718,TEST-REF-0618
DEMO-INTERNATIONAL-20260924-0619,DEMO-NOT-VALID-INTERNATIONAL-0619,2029-12-31,719,TEST-REF-0619
DEMO-INTERNATIONAL-20260924-0620,DEMO-NOT-VALID-INTERNATIONAL-0620,2029-12-31,720,TEST-REF-0620
DEMO-INTERNATIONAL-20260924-0621,DEMO-NOT-VALID-INTERNATIONAL-0621,2029-12-31,721,TEST-REF-0621
DEMO-INTERNATIONAL-20260924-0622,DEMO-NOT-VALID-INTERNATIONAL-0622,2029-12-31,722,TEST-REF-0622
DEMO-INTERNATIONAL-20260924-0623,DEMO-NOT-VALID-INTERNATIONAL-0623,2029-12-31,723,TEST-REF-0623
DEMO-INTERNATIONAL-20260924-0624,DEMO-NOT-VALID-INTERNATIONAL-0624,2029-12-31,724,TEST-REF-0624
DEMO-INTERNATIONAL-20260924-0625,DEMO-NOT-VALID-INTERNATIONAL-0625,2029-12-31,725,TEST-REF-0625
DEMO-INTERNATIONAL-20260924-0626,DEMO-NOT-VALID-INTERNATIONAL-0626,2029-12-31,726,TEST-REF-0626
DEMO-INTERNATIONAL-20260924-0627,DEMO-NOT-VALID-INTERNATIONAL-0627,2029-12-31,727,TEST-REF-0627
DEMO-INTERNATIONAL-20260924-0628,DEMO-NOT-VALID-INTERNATIONAL-0628,2029-12-31,728,TEST-REF-0628
DEMO-INTERNATIONAL-20260924-0629,DEMO-NOT-VALID-INTERNATIONAL-0629,2029-12-31,729,TEST-REF-0629
DEMO-INTERNATIONAL-20260924-0630,DEMO-NOT-VALID-INTERNATIONAL-0630,2029-12-31,730,TEST-REF-0630
DEMO-INTERNATIONAL-20260924-0631,DEMO-NOT-VALID-INTERNATIONAL-0631,2029-12-31,731,TEST-REF-0631
DEMO-INTERNATIONAL-20260924-0632,DEMO-NOT-VALID-INTERNATIONAL-0632,2029-12-31,732,TEST-REF-0632
DEMO-INTERNATIONAL-20260924-0633,DEMO-NOT-VALID-INTERNATIONAL-0633,2029-12-31,733,TEST-REF-0633
DEMO-INTERNATIONAL-20260924-0634,DEMO-NOT-VALID-INTERNATIONAL-0634,2029-12-31,734,TEST-REF-0634
DEMO-INTERNATIONAL-20260924-0635,DEMO-NOT-VALID-INTERNATIONAL-0635,2029-12-31,735,TEST-REF-0635
DEMO-INTERNATIONAL-20260924-0636,DEMO-NOT-VALID-INTERNATIONAL-0636,2029-12-31,736,TEST-REF-0636
DEMO-INTERNATIONAL-20260924-0637,DEMO-NOT-VALID-INTERNATIONAL-0637,2029-12-31,737,TEST-REF-0637
DEMO-INTERNATIONAL-20260924-0638,DEMO-NOT-VALID-INTERNATIONAL-0638,2029-12-31,738,TEST-REF-0638
DEMO-INTERNATIONAL-20260924-0639,DEMO-NOT-VALID-INTERNATIONAL-0639,2029-12-31,739,TEST-REF-0639
DEMO-INTERNATIONAL-20260924-0640,DEMO-NOT-VALID-INTERNATIONAL-0640,2029-12-31,740,TEST-REF-0640
DEMO-INTERNATIONAL-20260924-0641,DEMO-NOT-VALID-INTERNATIONAL-0641,2029-12-31,741,TEST-REF-0641
DEMO-INTERNATIONAL-20260924-0642,DEMO-NOT-VALID-INTERNATIONAL-0642,2029-12-31,742,TEST-REF-0642
DEMO-INTERNATIONAL-20260924-0643,DEMO-NOT-VALID-INTERNATIONAL-0643,2029-12-31,743,TEST-REF-0643
DEMO-INTERNATIONAL-20260924-0644,DEMO-NOT-VALID-INTERNATIONAL-0644,2029-12-31,744,TEST-REF-0644
DEMO-INTERNATIONAL-20260924-0645,DEMO-NOT-VALID-INTERNATIONAL-0645,2029-12-31,745,TEST-REF-0645
DEMO-INTERNATIONAL-20260924-0646,DEMO-NOT-VALID-INTERNATIONAL-0646,2029-12-31,746,TEST-REF-0646
DEMO-INTERNATIONAL-20260924-0647,DEMO-NOT-VALID-INTERNATIONAL-0647,2029-12-31,747,TEST-REF-0647
DEMO-INTERNATIONAL-20260924-0648,DEMO-NOT-VALID-INTERNATIONAL-0648,2029-12-31,748,TEST-REF-0648
DEMO-INTERNATIONAL-20260924-0649,DEMO-NOT-VALID-INTERNATIONAL-0649,2029-12-31,749,TEST-REF-0649
DEMO-INTERNATIONAL-20260924-0650,DEMO-NOT-VALID-INTERNATIONAL-0650,2029-12-31,750,TEST-REF-0650
DEMO-INTERNATIONAL-20260924-0651,DEMO-NOT-VALID-INTERNATIONAL-0651,2029-12-31,751,TEST-REF-0651
DEMO-INTERNATIONAL-20260924-0652,DEMO-NOT-VALID-INTERNATIONAL-0652,2029-12-31,752,TEST-REF-0652
DEMO-INTERNATIONAL-20260924-0653,DEMO-NOT-VALID-INTERNATIONAL-0653,2029-12-31,753,TEST-REF-0653
DEMO-INTERNATIONAL-20260924-0654,DEMO-NOT-VALID-INTERNATIONAL-0654,2029-12-31,754,TEST-REF-0654
DEMO-INTERNATIONAL-20260924-0655,DEMO-NOT-VALID-INTERNATIONAL-0655,2029-12-31,755,TEST-REF-0655
DEMO-INTERNATIONAL-20260924-0656,DEMO-NOT-VALID-INTERNATIONAL-0656,2029-12-31,756,TEST-REF-0656
DEMO-INTERNATIONAL-20260924-0657,DEMO-NOT-VALID-INTERNATIONAL-0657,2029-12-31,757,TEST-REF-0657
DEMO-INTERNATIONAL-20260924-0658,DEMO-NOT-VALID-INTERNATIONAL-0658,2029-12-31,758,TEST-REF-0658
DEMO-INTERNATIONAL-20260924-0659,DEMO-NOT-VALID-INTERNATIONAL-0659,2029-12-31,759,TEST-REF-0659
DEMO-INTERNATIONAL-20260924-0660,DEMO-NOT-VALID-INTERNATIONAL-0660,2029-12-31,760,TEST-REF-0660
DEMO-INTERNATIONAL-20260924-0661,DEMO-NOT-VALID-INTERNATIONAL-0661,2029-12-31,761,TEST-REF-0661
DEMO-INTERNATIONAL-20260924-0662,DEMO-NOT-VALID-INTERNATIONAL-0662,2029-12-31,762,TEST-REF-0662
DEMO-INTERNATIONAL-20260924-0663,DEMO-NOT-VALID-INTERNATIONAL-0663,2029-12-31,763,TEST-REF-0663
DEMO-INTERNATIONAL-20260924-0664,DEMO-NOT-VALID-INTERNATIONAL-0664,2029-12-31,764,TEST-REF-0664
DEMO-INTERNATIONAL-20260924-0665,DEMO-NOT-VALID-INTERNATIONAL-0665,2029-12-31,765,TEST-REF-0665
DEMO-INTERNATIONAL-20260924-0666,DEMO-NOT-VALID-INTERNATIONAL-0666,2029-12-31,766,TEST-REF-0666
DEMO-INTERNATIONAL-20260924-0667,DEMO-NOT-VALID-INTERNATIONAL-0667,2029-12-31,767,TEST-REF-0667
DEMO-INTERNATIONAL-20260924-0668,DEMO-NOT-VALID-INTERNATIONAL-0668,2029-12-31,768,TEST-REF-0668
DEMO-INTERNATIONAL-20260924-0669,DEMO-NOT-VALID-INTERNATIONAL-0669,2029-12-31,769,TEST-REF-0669
DEMO-INTERNATIONAL-20260924-0670,DEMO-NOT-VALID-INTERNATIONAL-0670,2029-12-31,770,TEST-REF-0670
DEMO-INTERNATIONAL-20260924-0671,DEMO-NOT-VALID-INTERNATIONAL-0671,2029-12-31,771,TEST-REF-0671
DEMO-INTERNATIONAL-20260924-0672,DEMO-NOT-VALID-INTERNATIONAL-0672,2029-12-31,772,TEST-REF-0672
DEMO-INTERNATIONAL-20260924-0673,DEMO-NOT-VALID-INTERNATIONAL-0673,2029-12-31,773,TEST-REF-0673
DEMO-INTERNATIONAL-20260924-0674,DEMO-NOT-VALID-INTERNATIONAL-0674,2029-12-31,774,TEST-REF-0674
DEMO-INTERNATIONAL-20260924-0675,DEMO-NOT-VALID-INTERNATIONAL-0675,2029-12-31,775,TEST-REF-0675
DEMO-INTERNATIONAL-20260924-0676,DEMO-NOT-VALID-INTERNATIONAL-0676,2029-12-31,776,TEST-REF-0676
DEMO-INTERNATIONAL-20260924-0677,DEMO-NOT-VALID-INTERNATIONAL-0677,2029-12-31,777,TEST-REF-0677
DEMO-INTERNATIONAL-20260924-0678,DEMO-NOT-VALID-INTERNATIONAL-0678,2029-12-31,778,TEST-REF-0678
DEMO-INTERNATIONAL-20260924-0679,DEMO-NOT-VALID-INTERNATIONAL-0679,2029-12-31,779,TEST-REF-0679
DEMO-INTERNATIONAL-20260924-0680,DEMO-NOT-VALID-INTERNATIONAL-0680,2029-12-31,780,TEST-REF-0680
DEMO-INTERNATIONAL-20260924-0681,DEMO-NOT-VALID-INTERNATIONAL-0681,2029-12-31,781,TEST-REF-0681
DEMO-INTERNATIONAL-20260924-0682,DEMO-NOT-VALID-INTERNATIONAL-0682,2029-12-31,782,TEST-REF-0682
DEMO-INTERNATIONAL-20260924-0683,DEMO-NOT-VALID-INTERNATIONAL-0683,2029-12-31,783,TEST-REF-0683
DEMO-INTERNATIONAL-20260924-0684,DEMO-NOT-VALID-INTERNATIONAL-0684,2029-12-31,784,TEST-REF-0684
DEMO-INTERNATIONAL-20260924-0685,DEMO-NOT-VALID-INTERNATIONAL-0685,2029-12-31,785,TEST-REF-0685
DEMO-INTERNATIONAL-20260924-0686,DEMO-NOT-VALID-INTERNATIONAL-0686,2029-12-31,786,TEST-REF-0686
DEMO-INTERNATIONAL-20260924-0687,DEMO-NOT-VALID-INTERNATIONAL-0687,2029-12-31,787,TEST-REF-0687
DEMO-INTERNATIONAL-20260924-0688,DEMO-NOT-VALID-INTERNATIONAL-0688,2029-12-31,788,TEST-REF-0688
DEMO-INTERNATIONAL-20260924-0689,DEMO-NOT-VALID-INTERNATIONAL-0689,2029-12-31,789,TEST-REF-0689
DEMO-INTERNATIONAL-20260924-0690,DEMO-NOT-VALID-INTERNATIONAL-0690,2029-12-31,790,TEST-REF-0690
DEMO-INTERNATIONAL-20260924-0691,DEMO-NOT-VALID-INTERNATIONAL-0691,2029-12-31,791,TEST-REF-0691
DEMO-INTERNATIONAL-20260924-0692,DEMO-NOT-VALID-INTERNATIONAL-0692,2029-12-31,792,TEST-REF-0692
DEMO-INTERNATIONAL-20260924-0693,DEMO-NOT-VALID-INTERNATIONAL-0693,2029-12-31,793,TEST-REF-0693
DEMO-INTERNATIONAL-20260924-0694,DEMO-NOT-VALID-INTERNATIONAL-0694,2029-12-31,794,TEST-REF-0694
DEMO-INTERNATIONAL-20260924-0695,DEMO-NOT-VALID-INTERNATIONAL-0695,2029-12-31,795,TEST-REF-0695
DEMO-INTERNATIONAL-20260924-0696,DEMO-NOT-VALID-INTERNATIONAL-0696,2029-12-31,796,TEST-REF-0696
DEMO-INTERNATIONAL-20260924-0697,DEMO-NOT-VALID-INTERNATIONAL-0697,2029-12-31,797,TEST-REF-0697
DEMO-INTERNATIONAL-20260924-0698,DEMO-NOT-VALID-INTERNATIONAL-0698,2029-12-31,798,TEST-REF-0698
DEMO-INTERNATIONAL-20260924-0699,DEMO-NOT-VALID-INTERNATIONAL-0699,2029-12-31,799,TEST-REF-0699
DEMO-INTERNATIONAL-20260924-0700,DEMO-NOT-VALID-INTERNATIONAL-0700,2029-12-31,800,TEST-REF-0700
DEMO-INTERNATIONAL-20260924-0701,DEMO-NOT-VALID-INTERNATIONAL-0701,2029-12-31,801,TEST-REF-0701
DEMO-INTERNATIONAL-20260924-0702,DEMO-NOT-VALID-INTERNATIONAL-0702,2029-12-31,802,TEST-REF-0702
DEMO-INTERNATIONAL-20260924-0703,DEMO-NOT-VALID-INTERNATIONAL-0703,2029-12-31,803,TEST-REF-0703
DEMO-INTERNATIONAL-20260924-0704,DEMO-NOT-VALID-INTERNATIONAL-0704,2029-12-31,804,TEST-REF-0704
DEMO-INTERNATIONAL-20260924-0705,DEMO-NOT-VALID-INTERNATIONAL-0705,2029-12-31,805,TEST-REF-0705
DEMO-INTERNATIONAL-20260924-0706,DEMO-NOT-VALID-INTERNATIONAL-0706,2029-12-31,806,TEST-REF-0706
DEMO-INTERNATIONAL-20260924-0707,DEMO-NOT-VALID-INTERNATIONAL-0707,2029-12-31,807,TEST-REF-0707
DEMO-INTERNATIONAL-20260924-0708,DEMO-NOT-VALID-INTERNATIONAL-0708,2029-12-31,808,TEST-REF-0708
DEMO-INTERNATIONAL-20260924-0709,DEMO-NOT-VALID-INTERNATIONAL-0709,2029-12-31,809,TEST-REF-0709
DEMO-INTERNATIONAL-20260924-0710,DEMO-NOT-VALID-INTERNATIONAL-0710,2029-12-31,810,TEST-REF-0710
DEMO-INTERNATIONAL-20260924-0711,DEMO-NOT-VALID-INTERNATIONAL-0711,2029-12-31,811,TEST-REF-0711
DEMO-INTERNATIONAL-20260924-0712,DEMO-NOT-VALID-INTERNATIONAL-0712,2029-12-31,812,TEST-REF-0712
DEMO-INTERNATIONAL-20260924-0713,DEMO-NOT-VALID-INTERNATIONAL-0713,2029-12-31,813,TEST-REF-0713
DEMO-INTERNATIONAL-20260924-0714,DEMO-NOT-VALID-INTERNATIONAL-0714,2029-12-31,814,TEST-REF-0714
DEMO-INTERNATIONAL-20260924-0715,DEMO-NOT-VALID-INTERNATIONAL-0715,2029-12-31,815,TEST-REF-0715
DEMO-INTERNATIONAL-20260924-0716,DEMO-NOT-VALID-INTERNATIONAL-0716,2029-12-31,816,TEST-REF-0716
DEMO-INTERNATIONAL-20260924-0717,DEMO-NOT-VALID-INTERNATIONAL-0717,2029-12-31,817,TEST-REF-0717
DEMO-INTERNATIONAL-20260924-0718,DEMO-NOT-VALID-INTERNATIONAL-0718,2029-12-31,818,TEST-REF-0718
DEMO-INTERNATIONAL-20260924-0719,DEMO-NOT-VALID-INTERNATIONAL-0719,2029-12-31,819,TEST-REF-0719
DEMO-INTERNATIONAL-20260924-0720,DEMO-NOT-VALID-INTERNATIONAL-0720,2029-12-31,820,TEST-REF-0720
DEMO-INTERNATIONAL-20260924-0721,DEMO-NOT-VALID-INTERNATIONAL-0721,2029-12-31,821,TEST-REF-0721
DEMO-INTERNATIONAL-20260924-0722,DEMO-NOT-VALID-INTERNATIONAL-0722,2029-12-31,822,TEST-REF-0722
DEMO-INTERNATIONAL-20260924-0723,DEMO-NOT-VALID-INTERNATIONAL-0723,2029-12-31,823,TEST-REF-0723
DEMO-INTERNATIONAL-20260924-0724,DEMO-NOT-VALID-INTERNATIONAL-0724,2029-12-31,824,TEST-REF-0724
DEMO-INTERNATIONAL-20260924-0725,DEMO-NOT-VALID-INTERNATIONAL-0725,2029-12-31,825,TEST-REF-0725
DEMO-INTERNATIONAL-20260924-0726,DEMO-NOT-VALID-INTERNATIONAL-0726,2029-12-31,826,TEST-REF-0726
DEMO-INTERNATIONAL-20260924-0727,DEMO-NOT-VALID-INTERNATIONAL-0727,2029-12-31,827,TEST-REF-0727
DEMO-INTERNATIONAL-20260924-0728,DEMO-NOT-VALID-INTERNATIONAL-0728,2029-12-31,828,TEST-REF-0728
DEMO-INTERNATIONAL-20260924-0729,DEMO-NOT-VALID-INTERNATIONAL-0729,2029-12-31,829,TEST-REF-0729
DEMO-INTERNATIONAL-20260924-0730,DEMO-NOT-VALID-INTERNATIONAL-0730,2029-12-31,830,TEST-REF-0730
DEMO-INTERNATIONAL-20260924-0731,DEMO-NOT-VALID-INTERNATIONAL-0731,2029-12-31,831,TEST-REF-0731
DEMO-INTERNATIONAL-20260924-0732,DEMO-NOT-VALID-INTERNATIONAL-0732,2029-12-31,832,TEST-REF-0732
DEMO-INTERNATIONAL-20260924-0733,DEMO-NOT-VALID-INTERNATIONAL-0733,2029-12-31,833,TEST-REF-0733
DEMO-INTERNATIONAL-20260924-0734,DEMO-NOT-VALID-INTERNATIONAL-0734,2029-12-31,834,TEST-REF-0734
DEMO-INTERNATIONAL-20260924-0735,DEMO-NOT-VALID-INTERNATIONAL-0735,2029-12-31,835,TEST-REF-0735
DEMO-INTERNATIONAL-20260924-0736,DEMO-NOT-VALID-INTERNATIONAL-0736,2029-12-31,836,TEST-REF-0736
DEMO-INTERNATIONAL-20260924-0737,DEMO-NOT-VALID-INTERNATIONAL-0737,2029-12-31,837,TEST-REF-0737
DEMO-INTERNATIONAL-20260924-0738,DEMO-NOT-VALID-INTERNATIONAL-0738,2029-12-31,838,TEST-REF-0738
DEMO-INTERNATIONAL-20260924-0739,DEMO-NOT-VALID-INTERNATIONAL-0739,2029-12-31,839,TEST-REF-0739
DEMO-INTERNATIONAL-20260924-0740,DEMO-NOT-VALID-INTERNATIONAL-0740,2029-12-31,840,TEST-REF-0740
DEMO-INTERNATIONAL-20260924-0741,DEMO-NOT-VALID-INTERNATIONAL-0741,2029-12-31,841,TEST-REF-0741
DEMO-INTERNATIONAL-20260924-0742,DEMO-NOT-VALID-INTERNATIONAL-0742,2029-12-31,842,TEST-REF-0742
DEMO-INTERNATIONAL-20260924-0743,DEMO-NOT-VALID-INTERNATIONAL-0743,2029-12-31,843,TEST-REF-0743
DEMO-INTERNATIONAL-20260924-0744,DEMO-NOT-VALID-INTERNATIONAL-0744,2029-12-31,844,TEST-REF-0744
DEMO-INTERNATIONAL-20260924-0745,DEMO-NOT-VALID-INTERNATIONAL-0745,2029-12-31,845,TEST-REF-0745
DEMO-INTERNATIONAL-20260924-0746,DEMO-NOT-VALID-INTERNATIONAL-0746,2029-12-31,846,TEST-REF-0746
DEMO-INTERNATIONAL-20260924-0747,DEMO-NOT-VALID-INTERNATIONAL-0747,2029-12-31,847,TEST-REF-0747
DEMO-INTERNATIONAL-20260924-0748,DEMO-NOT-VALID-INTERNATIONAL-0748,2029-12-31,848,TEST-REF-0748
DEMO-INTERNATIONAL-20260924-0749,DEMO-NOT-VALID-INTERNATIONAL-0749,2029-12-31,849,TEST-REF-0749
DEMO-INTERNATIONAL-20260924-0750,DEMO-NOT-VALID-INTERNATIONAL-0750,2029-12-31,850,TEST-REF-0750
DEMO-INTERNATIONAL-20260924-0751,DEMO-NOT-VALID-INTERNATIONAL-0751,2029-12-31,851,TEST-REF-0751
DEMO-INTERNATIONAL-20260924-0752,DEMO-NOT-VALID-INTERNATIONAL-0752,2029-12-31,852,TEST-REF-0752
DEMO-INTERNATIONAL-20260924-0753,DEMO-NOT-VALID-INTERNATIONAL-0753,2029-12-31,853,TEST-REF-0753
DEMO-INTERNATIONAL-20260924-0754,DEMO-NOT-VALID-INTERNATIONAL-0754,2029-12-31,854,TEST-REF-0754
DEMO-INTERNATIONAL-20260924-0755,DEMO-NOT-VALID-INTERNATIONAL-0755,2029-12-31,855,TEST-REF-0755
DEMO-INTERNATIONAL-20260924-0756,DEMO-NOT-VALID-INTERNATIONAL-0756,2029-12-31,856,TEST-REF-0756
DEMO-INTERNATIONAL-20260924-0757,DEMO-NOT-VALID-INTERNATIONAL-0757,2029-12-31,857,TEST-REF-0757
DEMO-INTERNATIONAL-20260924-0758,DEMO-NOT-VALID-INTERNATIONAL-0758,2029-12-31,858,TEST-REF-0758
DEMO-INTERNATIONAL-20260924-0759,DEMO-NOT-VALID-INTERNATIONAL-0759,2029-12-31,859,TEST-REF-0759
DEMO-INTERNATIONAL-20260924-0760,DEMO-NOT-VALID-INTERNATIONAL-0760,2029-12-31,860,TEST-REF-0760
DEMO-INTERNATIONAL-20260924-0761,DEMO-NOT-VALID-INTERNATIONAL-0761,2029-12-31,861,TEST-REF-0761
DEMO-INTERNATIONAL-20260924-0762,DEMO-NOT-VALID-INTERNATIONAL-0762,2029-12-31,862,TEST-REF-0762
DEMO-INTERNATIONAL-20260924-0763,DEMO-NOT-VALID-INTERNATIONAL-0763,2029-12-31,863,TEST-REF-0763
DEMO-INTERNATIONAL-20260924-0764,DEMO-NOT-VALID-INTERNATIONAL-0764,2029-12-31,864,TEST-REF-0764
DEMO-INTERNATIONAL-20260924-0765,DEMO-NOT-VALID-INTERNATIONAL-0765,2029-12-31,865,TEST-REF-0765
DEMO-INTERNATIONAL-20260924-0766,DEMO-NOT-VALID-INTERNATIONAL-0766,2029-12-31,866,TEST-REF-0766
DEMO-INTERNATIONAL-20260924-0767,DEMO-NOT-VALID-INTERNATIONAL-0767,2029-12-31,867,TEST-REF-0767
DEMO-INTERNATIONAL-20260924-0768,DEMO-NOT-VALID-INTERNATIONAL-0768,2029-12-31,868,TEST-REF-0768
DEMO-INTERNATIONAL-20260924-0769,DEMO-NOT-VALID-INTERNATIONAL-0769,2029-12-31,869,TEST-REF-0769
DEMO-INTERNATIONAL-20260924-0770,DEMO-NOT-VALID-INTERNATIONAL-0770,2029-12-31,870,TEST-REF-0770
DEMO-INTERNATIONAL-20260924-0771,DEMO-NOT-VALID-INTERNATIONAL-0771,2029-12-31,871,TEST-REF-0771
DEMO-INTERNATIONAL-20260924-0772,DEMO-NOT-VALID-INTERNATIONAL-0772,2029-12-31,872,TEST-REF-0772
DEMO-INTERNATIONAL-20260924-0773,DEMO-NOT-VALID-INTERNATIONAL-0773,2029-12-31,873,TEST-REF-0773
DEMO-INTERNATIONAL-20260924-0774,DEMO-NOT-VALID-INTERNATIONAL-0774,2029-12-31,874,TEST-REF-0774
DEMO-INTERNATIONAL-20260924-0775,DEMO-NOT-VALID-INTERNATIONAL-0775,2029-12-31,875,TEST-REF-0775
DEMO-INTERNATIONAL-20260924-0776,DEMO-NOT-VALID-INTERNATIONAL-0776,2029-12-31,876,TEST-REF-0776
DEMO-INTERNATIONAL-20260924-0777,DEMO-NOT-VALID-INTERNATIONAL-0777,2029-12-31,877,TEST-REF-0777
DEMO-INTERNATIONAL-20260924-0778,DEMO-NOT-VALID-INTERNATIONAL-0778,2029-12-31,878,TEST-REF-0778
DEMO-INTERNATIONAL-20260924-0779,DEMO-NOT-VALID-INTERNATIONAL-0779,2029-12-31,879,TEST-REF-0779
DEMO-INTERNATIONAL-20260924-0780,DEMO-NOT-VALID-INTERNATIONAL-0780,2029-12-31,880,TEST-REF-0780
DEMO-INTERNATIONAL-20260924-0781,DEMO-NOT-VALID-INTERNATIONAL-0781,2029-12-31,881,TEST-REF-0781
DEMO-INTERNATIONAL-20260924-0782,DEMO-NOT-VALID-INTERNATIONAL-0782,2029-12-31,882,TEST-REF-0782
DEMO-INTERNATIONAL-20260924-0783,DEMO-NOT-VALID-INTERNATIONAL-0783,2029-12-31,883,TEST-REF-0783
DEMO-INTERNATIONAL-20260924-0784,DEMO-NOT-VALID-INTERNATIONAL-0784,2029-12-31,884,TEST-REF-0784
DEMO-INTERNATIONAL-20260924-0785,DEMO-NOT-VALID-INTERNATIONAL-0785,2029-12-31,885,TEST-REF-0785
DEMO-INTERNATIONAL-20260924-0786,DEMO-NOT-VALID-INTERNATIONAL-0786,2029-12-31,886,TEST-REF-0786
DEMO-INTERNATIONAL-20260924-0787,DEMO-NOT-VALID-INTERNATIONAL-0787,2029-12-31,887,TEST-REF-0787
DEMO-INTERNATIONAL-20260924-0788,DEMO-NOT-VALID-INTERNATIONAL-0788,2029-12-31,888,TEST-REF-0788
DEMO-INTERNATIONAL-20260924-0789,DEMO-NOT-VALID-INTERNATIONAL-0789,2029-12-31,889,TEST-REF-0789
DEMO-INTERNATIONAL-20260924-0790,DEMO-NOT-VALID-INTERNATIONAL-0790,2029-12-31,890,TEST-REF-0790
DEMO-INTERNATIONAL-20260924-0791,DEMO-NOT-VALID-INTERNATIONAL-0791,2029-12-31,891,TEST-REF-0791
DEMO-INTERNATIONAL-20260924-0792,DEMO-NOT-VALID-INTERNATIONAL-0792,2029-12-31,892,TEST-REF-0792
DEMO-INTERNATIONAL-20260924-0793,DEMO-NOT-VALID-INTERNATIONAL-0793,2029-12-31,893,TEST-REF-0793
DEMO-INTERNATIONAL-20260924-0794,DEMO-NOT-VALID-INTERNATIONAL-0794,2029-12-31,894,TEST-REF-0794
DEMO-INTERNATIONAL-20260924-0795,DEMO-NOT-VALID-INTERNATIONAL-0795,2029-12-31,895,TEST-REF-0795
DEMO-INTERNATIONAL-20260924-0796,DEMO-NOT-VALID-INTERNATIONAL-0796,2029-12-31,896,TEST-REF-0796
DEMO-INTERNATIONAL-20260924-0797,DEMO-NOT-VALID-INTERNATIONAL-0797,2029-12-31,897,TEST-REF-0797
DEMO-INTERNATIONAL-20260924-0798,DEMO-NOT-VALID-INTERNATIONAL-0798,2029-12-31,898,TEST-REF-0798
DEMO-INTERNATIONAL-20260924-0799,DEMO-NOT-VALID-INTERNATIONAL-0799,2029-12-31,899,TEST-REF-0799
DEMO-INTERNATIONAL-20260924-0800,DEMO-NOT-VALID-INTERNATIONAL-0800,2029-12-31,900,TEST-REF-0800
DEMO-INTERNATIONAL-20260924-0801,DEMO-NOT-VALID-INTERNATIONAL-0801,2029-12-31,901,TEST-REF-0801
DEMO-INTERNATIONAL-20260924-0802,DEMO-NOT-VALID-INTERNATIONAL-0802,2029-12-31,902,TEST-REF-0802
DEMO-INTERNATIONAL-20260924-0803,DEMO-NOT-VALID-INTERNATIONAL-0803,2029-12-31,903,TEST-REF-0803
DEMO-INTERNATIONAL-20260924-0804,DEMO-NOT-VALID-INTERNATIONAL-0804,2029-12-31,904,TEST-REF-0804
DEMO-INTERNATIONAL-20260924-0805,DEMO-NOT-VALID-INTERNATIONAL-0805,2029-12-31,905,TEST-REF-0805
DEMO-INTERNATIONAL-20260924-0806,DEMO-NOT-VALID-INTERNATIONAL-0806,2029-12-31,906,TEST-REF-0806
DEMO-INTERNATIONAL-20260924-0807,DEMO-NOT-VALID-INTERNATIONAL-0807,2029-12-31,907,TEST-REF-0807
DEMO-INTERNATIONAL-20260924-0808,DEMO-NOT-VALID-INTERNATIONAL-0808,2029-12-31,908,TEST-REF-0808
DEMO-INTERNATIONAL-20260924-0809,DEMO-NOT-VALID-INTERNATIONAL-0809,2029-12-31,909,TEST-REF-0809
DEMO-INTERNATIONAL-20260924-0810,DEMO-NOT-VALID-INTERNATIONAL-0810,2029-12-31,910,TEST-REF-0810
DEMO-INTERNATIONAL-20260924-0811,DEMO-NOT-VALID-INTERNATIONAL-0811,2029-12-31,911,TEST-REF-0811
DEMO-INTERNATIONAL-20260924-0812,DEMO-NOT-VALID-INTERNATIONAL-0812,2029-12-31,912,TEST-REF-0812
DEMO-INTERNATIONAL-20260924-0813,DEMO-NOT-VALID-INTERNATIONAL-0813,2029-12-31,913,TEST-REF-0813
DEMO-INTERNATIONAL-20260924-0814,DEMO-NOT-VALID-INTERNATIONAL-0814,2029-12-31,914,TEST-REF-0814
DEMO-INTERNATIONAL-20260924-0815,DEMO-NOT-VALID-INTERNATIONAL-0815,2029-12-31,915,TEST-REF-0815
DEMO-INTERNATIONAL-20260924-0816,DEMO-NOT-VALID-INTERNATIONAL-0816,2029-12-31,916,TEST-REF-0816
DEMO-INTERNATIONAL-20260924-0817,DEMO-NOT-VALID-INTERNATIONAL-0817,2029-12-31,917,TEST-REF-0817
DEMO-INTERNATIONAL-20260924-0818,DEMO-NOT-VALID-INTERNATIONAL-0818,2029-12-31,918,TEST-REF-0818
DEMO-INTERNATIONAL-20260924-0819,DEMO-NOT-VALID-INTERNATIONAL-0819,2029-12-31,919,TEST-REF-0819
DEMO-INTERNATIONAL-20260924-0820,DEMO-NOT-VALID-INTERNATIONAL-0820,2029-12-31,920,TEST-REF-0820
DEMO-INTERNATIONAL-20260924-0821,DEMO-NOT-VALID-INTERNATIONAL-0821,2029-12-31,921,TEST-REF-0821
DEMO-INTERNATIONAL-20260924-0822,DEMO-NOT-VALID-INTERNATIONAL-0822,2029-12-31,922,TEST-REF-0822
DEMO-INTERNATIONAL-20260924-0823,DEMO-NOT-VALID-INTERNATIONAL-0823,2029-12-31,923,TEST-REF-0823
DEMO-INTERNATIONAL-20260924-0824,DEMO-NOT-VALID-INTERNATIONAL-0824,2029-12-31,924,TEST-REF-0824
DEMO-INTERNATIONAL-20260924-0825,DEMO-NOT-VALID-INTERNATIONAL-0825,2029-12-31,925,TEST-REF-0825
DEMO-INTERNATIONAL-20260924-0826,DEMO-NOT-VALID-INTERNATIONAL-0826,2029-12-31,926,TEST-REF-0826
DEMO-INTERNATIONAL-20260924-0827,DEMO-NOT-VALID-INTERNATIONAL-0827,2029-12-31,927,TEST-REF-0827
DEMO-INTERNATIONAL-20260924-0828,DEMO-NOT-VALID-INTERNATIONAL-0828,2029-12-31,928,TEST-REF-0828
DEMO-INTERNATIONAL-20260924-0829,DEMO-NOT-VALID-INTERNATIONAL-0829,2029-12-31,929,TEST-REF-0829
DEMO-INTERNATIONAL-20260924-0830,DEMO-NOT-VALID-INTERNATIONAL-0830,2029-12-31,930,TEST-REF-0830
DEMO-INTERNATIONAL-20260924-0831,DEMO-NOT-VALID-INTERNATIONAL-0831,2029-12-31,931,TEST-REF-0831
DEMO-INTERNATIONAL-20260924-0832,DEMO-NOT-VALID-INTERNATIONAL-0832,2029-12-31,932,TEST-REF-0832
DEMO-INTERNATIONAL-20260924-0833,DEMO-NOT-VALID-INTERNATIONAL-0833,2029-12-31,933,TEST-REF-0833
DEMO-INTERNATIONAL-20260924-0834,DEMO-NOT-VALID-INTERNATIONAL-0834,2029-12-31,934,TEST-REF-0834
DEMO-INTERNATIONAL-20260924-0835,DEMO-NOT-VALID-INTERNATIONAL-0835,2029-12-31,935,TEST-REF-0835
DEMO-INTERNATIONAL-20260924-0836,DEMO-NOT-VALID-INTERNATIONAL-0836,2029-12-31,936,TEST-REF-0836
DEMO-INTERNATIONAL-20260924-0837,DEMO-NOT-VALID-INTERNATIONAL-0837,2029-12-31,937,TEST-REF-0837
DEMO-INTERNATIONAL-20260924-0838,DEMO-NOT-VALID-INTERNATIONAL-0838,2029-12-31,938,TEST-REF-0838
DEMO-INTERNATIONAL-20260924-0839,DEMO-NOT-VALID-INTERNATIONAL-0839,2029-12-31,939,TEST-REF-0839
DEMO-INTERNATIONAL-20260924-0840,DEMO-NOT-VALID-INTERNATIONAL-0840,2029-12-31,940,TEST-REF-0840
DEMO-INTERNATIONAL-20260924-0841,DEMO-NOT-VALID-INTERNATIONAL-0841,2029-12-31,941,TEST-REF-0841
DEMO-INTERNATIONAL-20260924-0842,DEMO-NOT-VALID-INTERNATIONAL-0842,2029-12-31,942,TEST-REF-0842
DEMO-INTERNATIONAL-20260924-0843,DEMO-NOT-VALID-INTERNATIONAL-0843,2029-12-31,943,TEST-REF-0843
DEMO-INTERNATIONAL-20260924-0844,DEMO-NOT-VALID-INTERNATIONAL-0844,2029-12-31,944,TEST-REF-0844
DEMO-INTERNATIONAL-20260924-0845,DEMO-NOT-VALID-INTERNATIONAL-0845,2029-12-31,945,TEST-REF-0845
DEMO-INTERNATIONAL-20260924-0846,DEMO-NOT-VALID-INTERNATIONAL-0846,2029-12-31,946,TEST-REF-0846
DEMO-INTERNATIONAL-20260924-0847,DEMO-NOT-VALID-INTERNATIONAL-0847,2029-12-31,947,TEST-REF-0847
DEMO-INTERNATIONAL-20260924-0848,DEMO-NOT-VALID-INTERNATIONAL-0848,2029-12-31,948,TEST-REF-0848
DEMO-INTERNATIONAL-20260924-0849,DEMO-NOT-VALID-INTERNATIONAL-0849,2029-12-31,949,TEST-REF-0849
DEMO-INTERNATIONAL-20260924-0850,DEMO-NOT-VALID-INTERNATIONAL-0850,2029-12-31,950,TEST-REF-0850
DEMO-INTERNATIONAL-20260924-0851,DEMO-NOT-VALID-INTERNATIONAL-0851,2029-12-31,951,TEST-REF-0851
DEMO-INTERNATIONAL-20260924-0852,DEMO-NOT-VALID-INTERNATIONAL-0852,2029-12-31,952,TEST-REF-0852
DEMO-INTERNATIONAL-20260924-0853,DEMO-NOT-VALID-INTERNATIONAL-0853,2029-12-31,953,TEST-REF-0853
DEMO-INTERNATIONAL-20260924-0854,DEMO-NOT-VALID-INTERNATIONAL-0854,2029-12-31,954,TEST-REF-0854
DEMO-INTERNATIONAL-20260924-0855,DEMO-NOT-VALID-INTERNATIONAL-0855,2029-12-31,955,TEST-REF-0855
DEMO-INTERNATIONAL-20260924-0856,DEMO-NOT-VALID-INTERNATIONAL-0856,2029-12-31,956,TEST-REF-0856
DEMO-INTERNATIONAL-20260924-0857,DEMO-NOT-VALID-INTERNATIONAL-0857,2029-12-31,957,TEST-REF-0857
DEMO-INTERNATIONAL-20260924-0858,DEMO-NOT-VALID-INTERNATIONAL-0858,2029-12-31,958,TEST-REF-0858
DEMO-INTERNATIONAL-20260924-0859,DEMO-NOT-VALID-INTERNATIONAL-0859,2029-12-31,959,TEST-REF-0859
DEMO-INTERNATIONAL-20260924-0860,DEMO-NOT-VALID-INTERNATIONAL-0860,2029-12-31,960,TEST-REF-0860
DEMO-INTERNATIONAL-20260924-0861,DEMO-NOT-VALID-INTERNATIONAL-0861,2029-12-31,961,TEST-REF-0861
DEMO-INTERNATIONAL-20260924-0862,DEMO-NOT-VALID-INTERNATIONAL-0862,2029-12-31,962,TEST-REF-0862
DEMO-INTERNATIONAL-20260924-0863,DEMO-NOT-VALID-INTERNATIONAL-0863,2029-12-31,963,TEST-REF-0863
DEMO-INTERNATIONAL-20260924-0864,DEMO-NOT-VALID-INTERNATIONAL-0864,2029-12-31,964,TEST-REF-0864
DEMO-INTERNATIONAL-20260924-0865,DEMO-NOT-VALID-INTERNATIONAL-0865,2029-12-31,965,TEST-REF-0865
DEMO-INTERNATIONAL-20260924-0866,DEMO-NOT-VALID-INTERNATIONAL-0866,2029-12-31,966,TEST-REF-0866
DEMO-INTERNATIONAL-20260924-0867,DEMO-NOT-VALID-INTERNATIONAL-0867,2029-12-31,967,TEST-REF-0867
DEMO-INTERNATIONAL-20260924-0868,DEMO-NOT-VALID-INTERNATIONAL-0868,2029-12-31,968,TEST-REF-0868
DEMO-INTERNATIONAL-20260924-0869,DEMO-NOT-VALID-INTERNATIONAL-0869,2029-12-31,969,TEST-REF-0869
DEMO-INTERNATIONAL-20260924-0870,DEMO-NOT-VALID-INTERNATIONAL-0870,2029-12-31,970,TEST-REF-0870
DEMO-INTERNATIONAL-20260924-0871,DEMO-NOT-VALID-INTERNATIONAL-0871,2029-12-31,971,TEST-REF-0871
DEMO-INTERNATIONAL-20260924-0872,DEMO-NOT-VALID-INTERNATIONAL-0872,2029-12-31,972,TEST-REF-0872
DEMO-INTERNATIONAL-20260924-0873,DEMO-NOT-VALID-INTERNATIONAL-0873,2029-12-31,973,TEST-REF-0873
DEMO-INTERNATIONAL-20260924-0874,DEMO-NOT-VALID-INTERNATIONAL-0874,2029-12-31,974,TEST-REF-0874
DEMO-INTERNATIONAL-20260924-0875,DEMO-NOT-VALID-INTERNATIONAL-0875,2029-12-31,975,TEST-REF-0875
DEMO-INTERNATIONAL-20260924-0876,DEMO-NOT-VALID-INTERNATIONAL-0876,2029-12-31,976,TEST-REF-0876
DEMO-INTERNATIONAL-20260924-0877,DEMO-NOT-VALID-INTERNATIONAL-0877,2029-12-31,977,TEST-REF-0877
DEMO-INTERNATIONAL-20260924-0878,DEMO-NOT-VALID-INTERNATIONAL-0878,2029-12-31,978,TEST-REF-0878
DEMO-INTERNATIONAL-20260924-0879,DEMO-NOT-VALID-INTERNATIONAL-0879,2029-12-31,979,TEST-REF-0879
DEMO-INTERNATIONAL-20260924-0880,DEMO-NOT-VALID-INTERNATIONAL-0880,2029-12-31,980,TEST-REF-0880
DEMO-INTERNATIONAL-20260924-0881,DEMO-NOT-VALID-INTERNATIONAL-0881,2029-12-31,981,TEST-REF-0881
DEMO-INTERNATIONAL-20260924-0882,DEMO-NOT-VALID-INTERNATIONAL-0882,2029-12-31,982,TEST-REF-0882
DEMO-INTERNATIONAL-20260924-0883,DEMO-NOT-VALID-INTERNATIONAL-0883,2029-12-31,983,TEST-REF-0883
DEMO-INTERNATIONAL-20260924-0884,DEMO-NOT-VALID-INTERNATIONAL-0884,2029-12-31,984,TEST-REF-0884
DEMO-INTERNATIONAL-20260924-0885,DEMO-NOT-VALID-INTERNATIONAL-0885,2029-12-31,985,TEST-REF-0885
DEMO-INTERNATIONAL-20260924-0886,DEMO-NOT-VALID-INTERNATIONAL-0886,2029-12-31,986,TEST-REF-0886
DEMO-INTERNATIONAL-20260924-0887,DEMO-NOT-VALID-INTERNATIONAL-0887,2029-12-31,987,TEST-REF-0887
DEMO-INTERNATIONAL-20260924-0888,DEMO-NOT-VALID-INTERNATIONAL-0888,2029-12-31,988,TEST-REF-0888
DEMO-INTERNATIONAL-20260924-0889,DEMO-NOT-VALID-INTERNATIONAL-0889,2029-12-31,989,TEST-REF-0889
DEMO-INTERNATIONAL-20260924-0890,DEMO-NOT-VALID-INTERNATIONAL-0890,2029-12-31,990,TEST-REF-0890
DEMO-INTERNATIONAL-20260924-0891,DEMO-NOT-VALID-INTERNATIONAL-0891,2029-12-31,991,TEST-REF-0891
DEMO-INTERNATIONAL-20260924-0892,DEMO-NOT-VALID-INTERNATIONAL-0892,2029-12-31,992,TEST-REF-0892
DEMO-INTERNATIONAL-20260924-0893,DEMO-NOT-VALID-INTERNATIONAL-0893,2029-12-31,993,TEST-REF-0893
DEMO-INTERNATIONAL-20260924-0894,DEMO-NOT-VALID-INTERNATIONAL-0894,2029-12-31,994,TEST-REF-0894
DEMO-INTERNATIONAL-20260924-0895,DEMO-NOT-VALID-INTERNATIONAL-0895,2029-12-31,995,TEST-REF-0895
DEMO-INTERNATIONAL-20260924-0896,DEMO-NOT-VALID-INTERNATIONAL-0896,2029-12-31,996,TEST-REF-0896
DEMO-INTERNATIONAL-20260924-0897,DEMO-NOT-VALID-INTERNATIONAL-0897,2029-12-31,997,TEST-REF-0897
DEMO-INTERNATIONAL-20260924-0898,DEMO-NOT-VALID-INTERNATIONAL-0898,2029-12-31,998,TEST-REF-0898
DEMO-INTERNATIONAL-20260924-0899,DEMO-NOT-VALID-INTERNATIONAL-0899,2029-12-31,999,TEST-REF-0899
DEMO-INTERNATIONAL-20260924-0900,DEMO-NOT-VALID-INTERNATIONAL-0900,2029-12-31,100,TEST-REF-0900
DEMO-INTERNATIONAL-20260924-0901,DEMO-NOT-VALID-INTERNATIONAL-0901,2029-12-31,101,TEST-REF-0901
DEMO-INTERNATIONAL-20260924-0902,DEMO-NOT-VALID-INTERNATIONAL-0902,2029-12-31,102,TEST-REF-0902
DEMO-INTERNATIONAL-20260924-0903,DEMO-NOT-VALID-INTERNATIONAL-0903,2029-12-31,103,TEST-REF-0903
DEMO-INTERNATIONAL-20260924-0904,DEMO-NOT-VALID-INTERNATIONAL-0904,2029-12-31,104,TEST-REF-0904
DEMO-INTERNATIONAL-20260924-0905,DEMO-NOT-VALID-INTERNATIONAL-0905,2029-12-31,105,TEST-REF-0905
DEMO-INTERNATIONAL-20260924-0906,DEMO-NOT-VALID-INTERNATIONAL-0906,2029-12-31,106,TEST-REF-0906
DEMO-INTERNATIONAL-20260924-0907,DEMO-NOT-VALID-INTERNATIONAL-0907,2029-12-31,107,TEST-REF-0907
DEMO-INTERNATIONAL-20260924-0908,DEMO-NOT-VALID-INTERNATIONAL-0908,2029-12-31,108,TEST-REF-0908
DEMO-INTERNATIONAL-20260924-0909,DEMO-NOT-VALID-INTERNATIONAL-0909,2029-12-31,109,TEST-REF-0909
DEMO-INTERNATIONAL-20260924-0910,DEMO-NOT-VALID-INTERNATIONAL-0910,2029-12-31,110,TEST-REF-0910
DEMO-INTERNATIONAL-20260924-0911,DEMO-NOT-VALID-INTERNATIONAL-0911,2029-12-31,111,TEST-REF-0911
DEMO-INTERNATIONAL-20260924-0912,DEMO-NOT-VALID-INTERNATIONAL-0912,2029-12-31,112,TEST-REF-0912
DEMO-INTERNATIONAL-20260924-0913,DEMO-NOT-VALID-INTERNATIONAL-0913,2029-12-31,113,TEST-REF-0913
DEMO-INTERNATIONAL-20260924-0914,DEMO-NOT-VALID-INTERNATIONAL-0914,2029-12-31,114,TEST-REF-0914
DEMO-INTERNATIONAL-20260924-0915,DEMO-NOT-VALID-INTERNATIONAL-0915,2029-12-31,115,TEST-REF-0915
DEMO-INTERNATIONAL-20260924-0916,DEMO-NOT-VALID-INTERNATIONAL-0916,2029-12-31,116,TEST-REF-0916
DEMO-INTERNATIONAL-20260924-0917,DEMO-NOT-VALID-INTERNATIONAL-0917,2029-12-31,117,TEST-REF-0917
DEMO-INTERNATIONAL-20260924-0918,DEMO-NOT-VALID-INTERNATIONAL-0918,2029-12-31,118,TEST-REF-0918
DEMO-INTERNATIONAL-20260924-0919,DEMO-NOT-VALID-INTERNATIONAL-0919,2029-12-31,119,TEST-REF-0919
DEMO-INTERNATIONAL-20260924-0920,DEMO-NOT-VALID-INTERNATIONAL-0920,2029-12-31,120,TEST-REF-0920
DEMO-INTERNATIONAL-20260924-0921,DEMO-NOT-VALID-INTERNATIONAL-0921,2029-12-31,121,TEST-REF-0921
DEMO-INTERNATIONAL-20260924-0922,DEMO-NOT-VALID-INTERNATIONAL-0922,2029-12-31,122,TEST-REF-0922
DEMO-INTERNATIONAL-20260924-0923,DEMO-NOT-VALID-INTERNATIONAL-0923,2029-12-31,123,TEST-REF-0923
DEMO-INTERNATIONAL-20260924-0924,DEMO-NOT-VALID-INTERNATIONAL-0924,2029-12-31,124,TEST-REF-0924
DEMO-INTERNATIONAL-20260924-0925,DEMO-NOT-VALID-INTERNATIONAL-0925,2029-12-31,125,TEST-REF-0925
DEMO-INTERNATIONAL-20260924-0926,DEMO-NOT-VALID-INTERNATIONAL-0926,2029-12-31,126,TEST-REF-0926
DEMO-INTERNATIONAL-20260924-0927,DEMO-NOT-VALID-INTERNATIONAL-0927,2029-12-31,127,TEST-REF-0927
DEMO-INTERNATIONAL-20260924-0928,DEMO-NOT-VALID-INTERNATIONAL-0928,2029-12-31,128,TEST-REF-0928
DEMO-INTERNATIONAL-20260924-0929,DEMO-NOT-VALID-INTERNATIONAL-0929,2029-12-31,129,TEST-REF-0929
DEMO-INTERNATIONAL-20260924-0930,DEMO-NOT-VALID-INTERNATIONAL-0930,2029-12-31,130,TEST-REF-0930
DEMO-INTERNATIONAL-20260924-0931,DEMO-NOT-VALID-INTERNATIONAL-0931,2029-12-31,131,TEST-REF-0931
DEMO-INTERNATIONAL-20260924-0932,DEMO-NOT-VALID-INTERNATIONAL-0932,2029-12-31,132,TEST-REF-0932
DEMO-INTERNATIONAL-20260924-0933,DEMO-NOT-VALID-INTERNATIONAL-0933,2029-12-31,133,TEST-REF-0933
DEMO-INTERNATIONAL-20260924-0934,DEMO-NOT-VALID-INTERNATIONAL-0934,2029-12-31,134,TEST-REF-0934
DEMO-INTERNATIONAL-20260924-0935,DEMO-NOT-VALID-INTERNATIONAL-0935,2029-12-31,135,TEST-REF-0935
DEMO-INTERNATIONAL-20260924-0936,DEMO-NOT-VALID-INTERNATIONAL-0936,2029-12-31,136,TEST-REF-0936
DEMO-INTERNATIONAL-20260924-0937,DEMO-NOT-VALID-INTERNATIONAL-0937,2029-12-31,137,TEST-REF-0937
DEMO-INTERNATIONAL-20260924-0938,DEMO-NOT-VALID-INTERNATIONAL-0938,2029-12-31,138,TEST-REF-0938
DEMO-INTERNATIONAL-20260924-0939,DEMO-NOT-VALID-INTERNATIONAL-0939,2029-12-31,139,TEST-REF-0939
DEMO-INTERNATIONAL-20260924-0940,DEMO-NOT-VALID-INTERNATIONAL-0940,2029-12-31,140,TEST-REF-0940
DEMO-INTERNATIONAL-20260924-0941,DEMO-NOT-VALID-INTERNATIONAL-0941,2029-12-31,141,TEST-REF-0941
DEMO-INTERNATIONAL-20260924-0942,DEMO-NOT-VALID-INTERNATIONAL-0942,2029-12-31,142,TEST-REF-0942
DEMO-INTERNATIONAL-20260924-0943,DEMO-NOT-VALID-INTERNATIONAL-0943,2029-12-31,143,TEST-REF-0943
DEMO-INTERNATIONAL-20260924-0944,DEMO-NOT-VALID-INTERNATIONAL-0944,2029-12-31,144,TEST-REF-0944
DEMO-INTERNATIONAL-20260924-0945,DEMO-NOT-VALID-INTERNATIONAL-0945,2029-12-31,145,TEST-REF-0945
DEMO-INTERNATIONAL-20260924-0946,DEMO-NOT-VALID-INTERNATIONAL-0946,2029-12-31,146,TEST-REF-0946
DEMO-INTERNATIONAL-20260924-0947,DEMO-NOT-VALID-INTERNATIONAL-0947,2029-12-31,147,TEST-REF-0947
DEMO-INTERNATIONAL-20260924-0948,DEMO-NOT-VALID-INTERNATIONAL-0948,2029-12-31,148,TEST-REF-0948
DEMO-INTERNATIONAL-20260924-0949,DEMO-NOT-VALID-INTERNATIONAL-0949,2029-12-31,149,TEST-REF-0949
DEMO-INTERNATIONAL-20260924-0950,DEMO-NOT-VALID-INTERNATIONAL-0950,2029-12-31,150,TEST-REF-0950
DEMO-INTERNATIONAL-20260924-0951,DEMO-NOT-VALID-INTERNATIONAL-0951,2029-12-31,151,TEST-REF-0951
DEMO-INTERNATIONAL-20260924-0952,DEMO-NOT-VALID-INTERNATIONAL-0952,2029-12-31,152,TEST-REF-0952
DEMO-INTERNATIONAL-20260924-0953,DEMO-NOT-VALID-INTERNATIONAL-0953,2029-12-31,153,TEST-REF-0953
DEMO-INTERNATIONAL-20260924-0954,DEMO-NOT-VALID-INTERNATIONAL-0954,2029-12-31,154,TEST-REF-0954
DEMO-INTERNATIONAL-20260924-0955,DEMO-NOT-VALID-INTERNATIONAL-0955,2029-12-31,155,TEST-REF-0955
DEMO-INTERNATIONAL-20260924-0956,DEMO-NOT-VALID-INTERNATIONAL-0956,2029-12-31,156,TEST-REF-0956
DEMO-INTERNATIONAL-20260924-0957,DEMO-NOT-VALID-INTERNATIONAL-0957,2029-12-31,157,TEST-REF-0957
DEMO-INTERNATIONAL-20260924-0958,DEMO-NOT-VALID-INTERNATIONAL-0958,2029-12-31,158,TEST-REF-0958
DEMO-INTERNATIONAL-20260924-0959,DEMO-NOT-VALID-INTERNATIONAL-0959,2029-12-31,159,TEST-REF-0959
DEMO-INTERNATIONAL-20260924-0960,DEMO-NOT-VALID-INTERNATIONAL-0960,2029-12-31,160,TEST-REF-0960
DEMO-INTERNATIONAL-20260924-0961,DEMO-NOT-VALID-INTERNATIONAL-0961,2029-12-31,161,TEST-REF-0961
DEMO-INTERNATIONAL-20260924-0962,DEMO-NOT-VALID-INTERNATIONAL-0962,2029-12-31,162,TEST-REF-0962
DEMO-INTERNATIONAL-20260924-0963,DEMO-NOT-VALID-INTERNATIONAL-0963,2029-12-31,163,TEST-REF-0963
DEMO-INTERNATIONAL-20260924-0964,DEMO-NOT-VALID-INTERNATIONAL-0964,2029-12-31,164,TEST-REF-0964
DEMO-INTERNATIONAL-20260924-0965,DEMO-NOT-VALID-INTERNATIONAL-0965,2029-12-31,165,TEST-REF-0965
DEMO-INTERNATIONAL-20260924-0966,DEMO-NOT-VALID-INTERNATIONAL-0966,2029-12-31,166,TEST-REF-0966
DEMO-INTERNATIONAL-20260924-0967,DEMO-NOT-VALID-INTERNATIONAL-0967,2029-12-31,167,TEST-REF-0967
DEMO-INTERNATIONAL-20260924-0968,DEMO-NOT-VALID-INTERNATIONAL-0968,2029-12-31,168,TEST-REF-0968
DEMO-INTERNATIONAL-20260924-0969,DEMO-NOT-VALID-INTERNATIONAL-0969,2029-12-31,169,TEST-REF-0969
DEMO-INTERNATIONAL-20260924-0970,DEMO-NOT-VALID-INTERNATIONAL-0970,2029-12-31,170,TEST-REF-0970
DEMO-INTERNATIONAL-20260924-0971,DEMO-NOT-VALID-INTERNATIONAL-0971,2029-12-31,171,TEST-REF-0971
DEMO-INTERNATIONAL-20260924-0972,DEMO-NOT-VALID-INTERNATIONAL-0972,2029-12-31,172,TEST-REF-0972
DEMO-INTERNATIONAL-20260924-0973,DEMO-NOT-VALID-INTERNATIONAL-0973,2029-12-31,173,TEST-REF-0973
DEMO-INTERNATIONAL-20260924-0974,DEMO-NOT-VALID-INTERNATIONAL-0974,2029-12-31,174,TEST-REF-0974
DEMO-INTERNATIONAL-20260924-0975,DEMO-NOT-VALID-INTERNATIONAL-0975,2029-12-31,175,TEST-REF-0975
DEMO-INTERNATIONAL-20260924-0976,DEMO-NOT-VALID-INTERNATIONAL-0976,2029-12-31,176,TEST-REF-0976
DEMO-INTERNATIONAL-20260924-0977,DEMO-NOT-VALID-INTERNATIONAL-0977,2029-12-31,177,TEST-REF-0977
DEMO-INTERNATIONAL-20260924-0978,DEMO-NOT-VALID-INTERNATIONAL-0978,2029-12-31,178,TEST-REF-0978
DEMO-INTERNATIONAL-20260924-0979,DEMO-NOT-VALID-INTERNATIONAL-0979,2029-12-31,179,TEST-REF-0979
DEMO-INTERNATIONAL-20260924-0980,DEMO-NOT-VALID-INTERNATIONAL-0980,2029-12-31,180,TEST-REF-0980
DEMO-INTERNATIONAL-20260924-0981,DEMO-NOT-VALID-INTERNATIONAL-0981,2029-12-31,181,TEST-REF-0981
DEMO-INTERNATIONAL-20260924-0982,DEMO-NOT-VALID-INTERNATIONAL-0982,2029-12-31,182,TEST-REF-0982
DEMO-INTERNATIONAL-20260924-0983,DEMO-NOT-VALID-INTERNATIONAL-0983,2029-12-31,183,TEST-REF-0983
DEMO-INTERNATIONAL-20260924-0984,DEMO-NOT-VALID-INTERNATIONAL-0984,2029-12-31,184,TEST-REF-0984
DEMO-INTERNATIONAL-20260924-0985,DEMO-NOT-VALID-INTERNATIONAL-0985,2029-12-31,185,TEST-REF-0985
DEMO-INTERNATIONAL-20260924-0986,DEMO-NOT-VALID-INTERNATIONAL-0986,2029-12-31,186,TEST-REF-0986
DEMO-INTERNATIONAL-20260924-0987,DEMO-NOT-VALID-INTERNATIONAL-0987,2029-12-31,187,TEST-REF-0987
DEMO-INTERNATIONAL-20260924-0988,DEMO-NOT-VALID-INTERNATIONAL-0988,2029-12-31,188,TEST-REF-0988
DEMO-INTERNATIONAL-20260924-0989,DEMO-NOT-VALID-INTERNATIONAL-0989,2029-12-31,189,TEST-REF-0989
DEMO-INTERNATIONAL-20260924-0990,DEMO-NOT-VALID-INTERNATIONAL-0990,2029-12-31,190,TEST-REF-0990
DEMO-INTERNATIONAL-20260924-0991,DEMO-NOT-VALID-INTERNATIONAL-0991,2029-12-31,191,TEST-REF-0991
DEMO-INTERNATIONAL-20260924-0992,DEMO-NOT-VALID-INTERNATIONAL-0992,2029-12-31,192,TEST-REF-0992
DEMO-INTERNATIONAL-20260924-0993,DEMO-NOT-VALID-INTERNATIONAL-0993,2029-12-31,193,TEST-REF-0993
DEMO-INTERNATIONAL-20260924-0994,DEMO-NOT-VALID-INTERNATIONAL-0994,2029-12-31,194,TEST-REF-0994
DEMO-INTERNATIONAL-20260924-0995,DEMO-NOT-VALID-INTERNATIONAL-0995,2029-12-31,195,TEST-REF-0995
DEMO-INTERNATIONAL-20260924-0996,DEMO-NOT-VALID-INTERNATIONAL-0996,2029-12-31,196,TEST-REF-0996
DEMO-INTERNATIONAL-20260924-0997,DEMO-NOT-VALID-INTERNATIONAL-0997,2029-12-31,197,TEST-REF-0997
DEMO-INTERNATIONAL-20260924-0998,DEMO-NOT-VALID-INTERNATIONAL-0998,2029-12-31,198,TEST-REF-0998
DEMO-INTERNATIONAL-20260924-0999,DEMO-NOT-VALID-INTERNATIONAL-0999,2029-12-31,199,TEST-REF-0999
DEMO-INTERNATIONAL-20260924-1000,DEMO-NOT-VALID-INTERNATIONAL-1000,2029-12-31,200,TEST-REF-1000
