serial,pin,expiry
DEMO-LOCAL-20260924-0001,DEMO-NOT-VALID-LOCAL-0001,2029-12-31
DEMO-LOCAL-20260924-0002,DEMO-NOT-VALID-LOCAL-0002,2029-12-31
DEMO-LOCAL-20260924-0003,DEMO-NOT-VALID-LOCAL-0003,2029-12-31
DEMO-LOCAL-20260924-0004,DEMO-NOT-VALID-LOCAL-0004,2029-12-31
DEMO-LOCAL-20260924-0005,DEMO-NOT-VALID-LOCAL-0005,2029-12-31
DEMO-LOCAL-20260924-0006,DEMO-NOT-VALID-LOCAL-0006,2029-12-31
DEMO-LOCAL-20260924-0007,DEMO-NOT-VALID-LOCAL-0007,2029-12-31
DEMO-LOCAL-20260924-0008,DEMO-NOT-VALID-LOCAL-0008,2029-12-31
DEMO-LOCAL-20260924-0009,DEMO-NOT-VALID-LOCAL-0009,2029-12-31
DEMO-LOCAL-20260924-0010,DEMO-NOT-VALID-LOCAL-0010,2029-12-31
DEMO-LOCAL-20260924-0011,DEMO-NOT-VALID-LOCAL-0011,2029-12-31
DEMO-LOCAL-20260924-0012,DEMO-NOT-VALID-LOCAL-0012,2029-12-31
DEMO-LOCAL-20260924-0013,DEMO-NOT-VALID-LOCAL-0013,2029-12-31
DEMO-LOCAL-20260924-0014,DEMO-NOT-VALID-LOCAL-0014,2029-12-31
DEMO-LOCAL-20260924-0015,DEMO-NOT-VALID-LOCAL-0015,2029-12-31
DEMO-LOCAL-20260924-0016,DEMO-NOT-VALID-LOCAL-0016,2029-12-31
DEMO-LOCAL-20260924-0017,DEMO-NOT-VALID-LOCAL-0017,2029-12-31
DEMO-LOCAL-20260924-0018,DEMO-NOT-VALID-LOCAL-0018,2029-12-31
DEMO-LOCAL-20260924-0019,DEMO-NOT-VALID-LOCAL-0019,2029-12-31
DEMO-LOCAL-20260924-0020,DEMO-NOT-VALID-LOCAL-0020,2029-12-31
DEMO-LOCAL-20260924-0021,DEMO-NOT-VALID-LOCAL-0021,2029-12-31
DEMO-LOCAL-20260924-0022,DEMO-NOT-VALID-LOCAL-0022,2029-12-31
DEMO-LOCAL-20260924-0023,DEMO-NOT-VALID-LOCAL-0023,2029-12-31
DEMO-LOCAL-20260924-0024,DEMO-NOT-VALID-LOCAL-0024,2029-12-31
DEMO-LOCAL-20260924-0025,DEMO-NOT-VALID-LOCAL-0025,2029-12-31
DEMO-LOCAL-20260924-0026,DEMO-NOT-VALID-LOCAL-0026,2029-12-31
DEMO-LOCAL-20260924-0027,DEMO-NOT-VALID-LOCAL-0027,2029-12-31
DEMO-LOCAL-20260924-0028,DEMO-NOT-VALID-LOCAL-0028,2029-12-31
DEMO-LOCAL-20260924-0029,DEMO-NOT-VALID-LOCAL-0029,2029-12-31
DEMO-LOCAL-20260924-0030,DEMO-NOT-VALID-LOCAL-0030,2029-12-31
DEMO-LOCAL-20260924-0031,DEMO-NOT-VALID-LOCAL-0031,2029-12-31
DEMO-LOCAL-20260924-0032,DEMO-NOT-VALID-LOCAL-0032,2029-12-31
DEMO-LOCAL-20260924-0033,DEMO-NOT-VALID-LOCAL-0033,2029-12-31
DEMO-LOCAL-20260924-0034,DEMO-NOT-VALID-LOCAL-0034,2029-12-31
DEMO-LOCAL-20260924-0035,DEMO-NOT-VALID-LOCAL-0035,2029-12-31
DEMO-LOCAL-20260924-0036,DEMO-NOT-VALID-LOCAL-0036,2029-12-31
DEMO-LOCAL-20260924-0037,DEMO-NOT-VALID-LOCAL-0037,2029-12-31
DEMO-LOCAL-20260924-0038,DEMO-NOT-VALID-LOCAL-0038,2029-12-31
DEMO-LOCAL-20260924-0039,DEMO-NOT-VALID-LOCAL-0039,2029-12-31
DEMO-LOCAL-20260924-0040,DEMO-NOT-VALID-LOCAL-0040,2029-12-31
DEMO-LOCAL-20260924-0041,DEMO-NOT-VALID-LOCAL-0041,2029-12-31
DEMO-LOCAL-20260924-0042,DEMO-NOT-VALID-LOCAL-0042,2029-12-31
DEMO-LOCAL-20260924-0043,DEMO-NOT-VALID-LOCAL-0043,2029-12-31
DEMO-LOCAL-20260924-0044,DEMO-NOT-VALID-LOCAL-0044,2029-12-31
DEMO-LOCAL-20260924-0045,DEMO-NOT-VALID-LOCAL-0045,2029-12-31
DEMO-LOCAL-20260924-0046,DEMO-NOT-VALID-LOCAL-0046,2029-12-31
DEMO-LOCAL-20260924-0047,DEMO-NOT-VALID-LOCAL-0047,2029-12-31
DEMO-LOCAL-20260924-0048,DEMO-NOT-VALID-LOCAL-0048,2029-12-31
DEMO-LOCAL-20260924-0049,DEMO-NOT-VALID-LOCAL-0049,2029-12-31
DEMO-LOCAL-20260924-0050,DEMO-NOT-VALID-LOCAL-0050,2029-12-31
DEMO-LOCAL-20260924-0051,DEMO-NOT-VALID-LOCAL-0051,2029-12-31
DEMO-LOCAL-20260924-0052,DEMO-NOT-VALID-LOCAL-0052,2029-12-31
DEMO-LOCAL-20260924-0053,DEMO-NOT-VALID-LOCAL-0053,2029-12-31
DEMO-LOCAL-20260924-0054,DEMO-NOT-VALID-LOCAL-0054,2029-12-31
DEMO-LOCAL-20260924-0055,DEMO-NOT-VALID-LOCAL-0055,2029-12-31
DEMO-LOCAL-20260924-0056,DEMO-NOT-VALID-LOCAL-0056,2029-12-31
DEMO-LOCAL-20260924-0057,DEMO-NOT-VALID-LOCAL-0057,2029-12-31
DEMO-LOCAL-20260924-0058,DEMO-NOT-VALID-LOCAL-0058,2029-12-31
DEMO-LOCAL-20260924-0059,DEMO-NOT-VALID-LOCAL-0059,2029-12-31
DEMO-LOCAL-20260924-0060,DEMO-NOT-VALID-LOCAL-0060,2029-12-31
DEMO-LOCAL-20260924-0061,DEMO-NOT-VALID-LOCAL-0061,2029-12-31
DEMO-LOCAL-20260924-0062,DEMO-NOT-VALID-LOCAL-0062,2029-12-31
DEMO-LOCAL-20260924-0063,DEMO-NOT-VALID-LOCAL-0063,2029-12-31
DEMO-LOCAL-20260924-0064,DEMO-NOT-VALID-LOCAL-0064,2029-12-31
DEMO-LOCAL-20260924-0065,DEMO-NOT-VALID-LOCAL-0065,2029-12-31
DEMO-LOCAL-20260924-0066,DEMO-NOT-VALID-LOCAL-0066,2029-12-31
DEMO-LOCAL-20260924-0067,DEMO-NOT-VALID-LOCAL-0067,2029-12-31
DEMO-LOCAL-20260924-0068,DEMO-NOT-VALID-LOCAL-0068,2029-12-31
DEMO-LOCAL-20260924-0069,DEMO-NOT-VALID-LOCAL-0069,2029-12-31
DEMO-LOCAL-20260924-0070,DEMO-NOT-VALID-LOCAL-0070,2029-12-31
DEMO-LOCAL-20260924-0071,DEMO-NOT-VALID-LOCAL-0071,2029-12-31
DEMO-LOCAL-20260924-0072,DEMO-NOT-VALID-LOCAL-0072,2029-12-31
DEMO-LOCAL-20260924-0073,DEMO-NOT-VALID-LOCAL-0073,2029-12-31
DEMO-LOCAL-20260924-0074,DEMO-NOT-VALID-LOCAL-0074,2029-12-31
DEMO-LOCAL-20260924-0075,DEMO-NOT-VALID-LOCAL-0075,2029-12-31
DEMO-LOCAL-20260924-0076,DEMO-NOT-VALID-LOCAL-0076,2029-12-31
DEMO-LOCAL-20260924-0077,DEMO-NOT-VALID-LOCAL-0077,2029-12-31
DEMO-LOCAL-20260924-0078,DEMO-NOT-VALID-LOCAL-0078,2029-12-31
DEMO-LOCAL-20260924-0079,DEMO-NOT-VALID-LOCAL-0079,2029-12-31
DEMO-LOCAL-20260924-0080,DEMO-NOT-VALID-LOCAL-0080,2029-12-31
DEMO-LOCAL-20260924-0081,DEMO-NOT-VALID-LOCAL-0081,2029-12-31
DEMO-LOCAL-20260924-0082,DEMO-NOT-VALID-LOCAL-0082,2029-12-31
DEMO-LOCAL-20260924-0083,DEMO-NOT-VALID-LOCAL-0083,2029-12-31
DEMO-LOCAL-20260924-0084,DEMO-NOT-VALID-LOCAL-0084,2029-12-31
DEMO-LOCAL-20260924-0085,DEMO-NOT-VALID-LOCAL-0085,2029-12-31
DEMO-LOCAL-20260924-0086,DEMO-NOT-VALID-LOCAL-0086,2029-12-31
DEMO-LOCAL-20260924-0087,DEMO-NOT-VALID-LOCAL-0087,2029-12-31
DEMO-LOCAL-20260924-0088,DEMO-NOT-VALID-LOCAL-0088,2029-12-31
DEMO-LOCAL-20260924-0089,DEMO-NOT-VALID-LOCAL-0089,2029-12-31
DEMO-LOCAL-20260924-0090,DEMO-NOT-VALID-LOCAL-0090,2029-12-31
DEMO-LOCAL-20260924-0091,DEMO-NOT-VALID-LOCAL-0091,2029-12-31
DEMO-LOCAL-20260924-0092,DEMO-NOT-VALID-LOCAL-0092,2029-12-31
DEMO-LOCAL-20260924-0093,DEMO-NOT-VALID-LOCAL-0093,2029-12-31
DEMO-LOCAL-20260924-0094,DEMO-NOT-VALID-LOCAL-0094,2029-12-31
DEMO-LOCAL-20260924-0095,DEMO-NOT-VALID-LOCAL-0095,2029-12-31
DEMO-LOCAL-20260924-0096,DEMO-NOT-VALID-LOCAL-0096,2029-12-31
DEMO-LOCAL-20260924-0097,DEMO-NOT-VALID-LOCAL-0097,2029-12-31
DEMO-LOCAL-20260924-0098,DEMO-NOT-VALID-LOCAL-0098,2029-12-31
DEMO-LOCAL-20260924-0099,DEMO-NOT-VALID-LOCAL-0099,2029-12-31
DEMO-LOCAL-20260924-0100,DEMO-NOT-VALID-LOCAL-0100,2029-12-31
DEMO-LOCAL-20260924-0101,DEMO-NOT-VALID-LOCAL-0101,2029-12-31
DEMO-LOCAL-20260924-0102,DEMO-NOT-VALID-LOCAL-0102,2029-12-31
DEMO-LOCAL-20260924-0103,DEMO-NOT-VALID-LOCAL-0103,2029-12-31
DEMO-LOCAL-20260924-0104,DEMO-NOT-VALID-LOCAL-0104,2029-12-31
DEMO-LOCAL-20260924-0105,DEMO-NOT-VALID-LOCAL-0105,2029-12-31
DEMO-LOCAL-20260924-0106,DEMO-NOT-VALID-LOCAL-0106,2029-12-31
DEMO-LOCAL-20260924-0107,DEMO-NOT-VALID-LOCAL-0107,2029-12-31
DEMO-LOCAL-20260924-0108,DEMO-NOT-VALID-LOCAL-0108,2029-12-31
DEMO-LOCAL-20260924-0109,DEMO-NOT-VALID-LOCAL-0109,2029-12-31
DEMO-LOCAL-20260924-0110,DEMO-NOT-VALID-LOCAL-0110,2029-12-31
DEMO-LOCAL-20260924-0111,DEMO-NOT-VALID-LOCAL-0111,2029-12-31
DEMO-LOCAL-20260924-0112,DEMO-NOT-VALID-LOCAL-0112,2029-12-31
DEMO-LOCAL-20260924-0113,DEMO-NOT-VALID-LOCAL-0113,2029-12-31
DEMO-LOCAL-20260924-0114,DEMO-NOT-VALID-LOCAL-0114,2029-12-31
DEMO-LOCAL-20260924-0115,DEMO-NOT-VALID-LOCAL-0115,2029-12-31
DEMO-LOCAL-20260924-0116,DEMO-NOT-VALID-LOCAL-0116,2029-12-31
DEMO-LOCAL-20260924-0117,DEMO-NOT-VALID-LOCAL-0117,2029-12-31
DEMO-LOCAL-20260924-0118,DEMO-NOT-VALID-LOCAL-0118,2029-12-31
DEMO-LOCAL-20260924-0119,DEMO-NOT-VALID-LOCAL-0119,2029-12-31
DEMO-LOCAL-20260924-0120,DEMO-NOT-VALID-LOCAL-0120,2029-12-31
DEMO-LOCAL-20260924-0121,DEMO-NOT-VALID-LOCAL-0121,2029-12-31
DEMO-LOCAL-20260924-0122,DEMO-NOT-VALID-LOCAL-0122,2029-12-31
DEMO-LOCAL-20260924-0123,DEMO-NOT-VALID-LOCAL-0123,2029-12-31
DEMO-LOCAL-20260924-0124,DEMO-NOT-VALID-LOCAL-0124,2029-12-31
DEMO-LOCAL-20260924-0125,DEMO-NOT-VALID-LOCAL-0125,2029-12-31
DEMO-LOCAL-20260924-0126,DEMO-NOT-VALID-LOCAL-0126,2029-12-31
DEMO-LOCAL-20260924-0127,DEMO-NOT-VALID-LOCAL-0127,2029-12-31
DEMO-LOCAL-20260924-0128,DEMO-NOT-VALID-LOCAL-0128,2029-12-31
DEMO-LOCAL-20260924-0129,DEMO-NOT-VALID-LOCAL-0129,2029-12-31
DEMO-LOCAL-20260924-0130,DEMO-NOT-VALID-LOCAL-0130,2029-12-31
DEMO-LOCAL-20260924-0131,DEMO-NOT-VALID-LOCAL-0131,2029-12-31
DEMO-LOCAL-20260924-0132,DEMO-NOT-VALID-LOCAL-0132,2029-12-31
DEMO-LOCAL-20260924-0133,DEMO-NOT-VALID-LOCAL-0133,2029-12-31
DEMO-LOCAL-20260924-0134,DEMO-NOT-VALID-LOCAL-0134,2029-12-31
DEMO-LOCAL-20260924-0135,DEMO-NOT-VALID-LOCAL-0135,2029-12-31
DEMO-LOCAL-20260924-0136,DEMO-NOT-VALID-LOCAL-0136,2029-12-31
DEMO-LOCAL-20260924-0137,DEMO-NOT-VALID-LOCAL-0137,2029-12-31
DEMO-LOCAL-20260924-0138,DEMO-NOT-VALID-LOCAL-0138,2029-12-31
DEMO-LOCAL-20260924-0139,DEMO-NOT-VALID-LOCAL-0139,2029-12-31
DEMO-LOCAL-20260924-0140,DEMO-NOT-VALID-LOCAL-0140,2029-12-31
DEMO-LOCAL-20260924-0141,DEMO-NOT-VALID-LOCAL-0141,2029-12-31
DEMO-LOCAL-20260924-0142,DEMO-NOT-VALID-LOCAL-0142,2029-12-31
DEMO-LOCAL-20260924-0143,DEMO-NOT-VALID-LOCAL-0143,2029-12-31
DEMO-LOCAL-20260924-0144,DEMO-NOT-VALID-LOCAL-0144,2029-12-31
DEMO-LOCAL-20260924-0145,DEMO-NOT-VALID-LOCAL-0145,2029-12-31
DEMO-LOCAL-20260924-0146,DEMO-NOT-VALID-LOCAL-0146,2029-12-31
DEMO-LOCAL-20260924-0147,DEMO-NOT-VALID-LOCAL-0147,2029-12-31
DEMO-LOCAL-20260924-0148,DEMO-NOT-VALID-LOCAL-0148,2029-12-31
DEMO-LOCAL-20260924-0149,DEMO-NOT-VALID-LOCAL-0149,2029-12-31
DEMO-LOCAL-20260924-0150,DEMO-NOT-VALID-LOCAL-0150,2029-12-31
DEMO-LOCAL-20260924-0151,DEMO-NOT-VALID-LOCAL-0151,2029-12-31
DEMO-LOCAL-20260924-0152,DEMO-NOT-VALID-LOCAL-0152,2029-12-31
DEMO-LOCAL-20260924-0153,DEMO-NOT-VALID-LOCAL-0153,2029-12-31
DEMO-LOCAL-20260924-0154,DEMO-NOT-VALID-LOCAL-0154,2029-12-31
DEMO-LOCAL-20260924-0155,DEMO-NOT-VALID-LOCAL-0155,2029-12-31
DEMO-LOCAL-20260924-0156,DEMO-NOT-VALID-LOCAL-0156,2029-12-31
DEMO-LOCAL-20260924-0157,DEMO-NOT-VALID-LOCAL-0157,2029-12-31
DEMO-LOCAL-20260924-0158,DEMO-NOT-VALID-LOCAL-0158,2029-12-31
DEMO-LOCAL-20260924-0159,DEMO-NOT-VALID-LOCAL-0159,2029-12-31
DEMO-LOCAL-20260924-0160,DEMO-NOT-VALID-LOCAL-0160,2029-12-31
DEMO-LOCAL-20260924-0161,DEMO-NOT-VALID-LOCAL-0161,2029-12-31
DEMO-LOCAL-20260924-0162,DEMO-NOT-VALID-LOCAL-0162,2029-12-31
DEMO-LOCAL-20260924-0163,DEMO-NOT-VALID-LOCAL-0163,2029-12-31
DEMO-LOCAL-20260924-0164,DEMO-NOT-VALID-LOCAL-0164,2029-12-31
DEMO-LOCAL-20260924-0165,DEMO-NOT-VALID-LOCAL-0165,2029-12-31
DEMO-LOCAL-20260924-0166,DEMO-NOT-VALID-LOCAL-0166,2029-12-31
DEMO-LOCAL-20260924-0167,DEMO-NOT-VALID-LOCAL-0167,2029-12-31
DEMO-LOCAL-20260924-0168,DEMO-NOT-VALID-LOCAL-0168,2029-12-31
DEMO-LOCAL-20260924-0169,DEMO-NOT-VALID-LOCAL-0169,2029-12-31
DEMO-LOCAL-20260924-0170,DEMO-NOT-VALID-LOCAL-0170,2029-12-31
DEMO-LOCAL-20260924-0171,DEMO-NOT-VALID-LOCAL-0171,2029-12-31
DEMO-LOCAL-20260924-0172,DEMO-NOT-VALID-LOCAL-0172,2029-12-31
DEMO-LOCAL-20260924-0173,DEMO-NOT-VALID-LOCAL-0173,2029-12-31
DEMO-LOCAL-20260924-0174,DEMO-NOT-VALID-LOCAL-0174,2029-12-31
DEMO-LOCAL-20260924-0175,DEMO-NOT-VALID-LOCAL-0175,2029-12-31
DEMO-LOCAL-20260924-0176,DEMO-NOT-VALID-LOCAL-0176,2029-12-31
DEMO-LOCAL-20260924-0177,DEMO-NOT-VALID-LOCAL-0177,2029-12-31
DEMO-LOCAL-20260924-0178,DEMO-NOT-VALID-LOCAL-0178,2029-12-31
DEMO-LOCAL-20260924-0179,DEMO-NOT-VALID-LOCAL-0179,2029-12-31
DEMO-LOCAL-20260924-0180,DEMO-NOT-VALID-LOCAL-0180,2029-12-31
DEMO-LOCAL-20260924-0181,DEMO-NOT-VALID-LOCAL-0181,2029-12-31
DEMO-LOCAL-20260924-0182,DEMO-NOT-VALID-LOCAL-0182,2029-12-31
DEMO-LOCAL-20260924-0183,DEMO-NOT-VALID-LOCAL-0183,2029-12-31
DEMO-LOCAL-20260924-0184,DEMO-NOT-VALID-LOCAL-0184,2029-12-31
DEMO-LOCAL-20260924-0185,DEMO-NOT-VALID-LOCAL-0185,2029-12-31
DEMO-LOCAL-20260924-0186,DEMO-NOT-VALID-LOCAL-0186,2029-12-31
DEMO-LOCAL-20260924-0187,DEMO-NOT-VALID-LOCAL-0187,2029-12-31
DEMO-LOCAL-20260924-0188,DEMO-NOT-VALID-LOCAL-0188,2029-12-31
DEMO-LOCAL-20260924-0189,DEMO-NOT-VALID-LOCAL-0189,2029-12-31
DEMO-LOCAL-20260924-0190,DEMO-NOT-VALID-LOCAL-0190,2029-12-31
DEMO-LOCAL-20260924-0191,DEMO-NOT-VALID-LOCAL-0191,2029-12-31
DEMO-LOCAL-20260924-0192,DEMO-NOT-VALID-LOCAL-0192,2029-12-31
DEMO-LOCAL-20260924-0193,DEMO-NOT-VALID-LOCAL-0193,2029-12-31
DEMO-LOCAL-20260924-0194,DEMO-NOT-VALID-LOCAL-0194,2029-12-31
DEMO-LOCAL-20260924-0195,DEMO-NOT-VALID-LOCAL-0195,2029-12-31
DEMO-LOCAL-20260924-0196,DEMO-NOT-VALID-LOCAL-0196,2029-12-31
DEMO-LOCAL-20260924-0197,DEMO-NOT-VALID-LOCAL-0197,2029-12-31
DEMO-LOCAL-20260924-0198,DEMO-NOT-VALID-LOCAL-0198,2029-12-31
DEMO-LOCAL-20260924-0199,DEMO-NOT-VALID-LOCAL-0199,2029-12-31
DEMO-LOCAL-20260924-0200,DEMO-NOT-VALID-LOCAL-0200,2029-12-31
DEMO-LOCAL-20260924-0201,DEMO-NOT-VALID-LOCAL-0201,2029-12-31
DEMO-LOCAL-20260924-0202,DEMO-NOT-VALID-LOCAL-0202,2029-12-31
DEMO-LOCAL-20260924-0203,DEMO-NOT-VALID-LOCAL-0203,2029-12-31
DEMO-LOCAL-20260924-0204,DEMO-NOT-VALID-LOCAL-0204,2029-12-31
DEMO-LOCAL-20260924-0205,DEMO-NOT-VALID-LOCAL-0205,2029-12-31
DEMO-LOCAL-20260924-0206,DEMO-NOT-VALID-LOCAL-0206,2029-12-31
DEMO-LOCAL-20260924-0207,DEMO-NOT-VALID-LOCAL-0207,2029-12-31
DEMO-LOCAL-20260924-0208,DEMO-NOT-VALID-LOCAL-0208,2029-12-31
DEMO-LOCAL-20260924-0209,DEMO-NOT-VALID-LOCAL-0209,2029-12-31
DEMO-LOCAL-20260924-0210,DEMO-NOT-VALID-LOCAL-0210,2029-12-31
DEMO-LOCAL-20260924-0211,DEMO-NOT-VALID-LOCAL-0211,2029-12-31
DEMO-LOCAL-20260924-0212,DEMO-NOT-VALID-LOCAL-0212,2029-12-31
DEMO-LOCAL-20260924-0213,DEMO-NOT-VALID-LOCAL-0213,2029-12-31
DEMO-LOCAL-20260924-0214,DEMO-NOT-VALID-LOCAL-0214,2029-12-31
DEMO-LOCAL-20260924-0215,DEMO-NOT-VALID-LOCAL-0215,2029-12-31
DEMO-LOCAL-20260924-0216,DEMO-NOT-VALID-LOCAL-0216,2029-12-31
DEMO-LOCAL-20260924-0217,DEMO-NOT-VALID-LOCAL-0217,2029-12-31
DEMO-LOCAL-20260924-0218,DEMO-NOT-VALID-LOCAL-0218,2029-12-31
DEMO-LOCAL-20260924-0219,DEMO-NOT-VALID-LOCAL-0219,2029-12-31
DEMO-LOCAL-20260924-0220,DEMO-NOT-VALID-LOCAL-0220,2029-12-31
DEMO-LOCAL-20260924-0221,DEMO-NOT-VALID-LOCAL-0221,2029-12-31
DEMO-LOCAL-20260924-0222,DEMO-NOT-VALID-LOCAL-0222,2029-12-31
DEMO-LOCAL-20260924-0223,DEMO-NOT-VALID-LOCAL-0223,2029-12-31
DEMO-LOCAL-20260924-0224,DEMO-NOT-VALID-LOCAL-0224,2029-12-31
DEMO-LOCAL-20260924-0225,DEMO-NOT-VALID-LOCAL-0225,2029-12-31
DEMO-LOCAL-20260924-0226,DEMO-NOT-VALID-LOCAL-0226,2029-12-31
DEMO-LOCAL-20260924-0227,DEMO-NOT-VALID-LOCAL-0227,2029-12-31
DEMO-LOCAL-20260924-0228,DEMO-NOT-VALID-LOCAL-0228,2029-12-31
DEMO-LOCAL-20260924-0229,DEMO-NOT-VALID-LOCAL-0229,2029-12-31
DEMO-LOCAL-20260924-0230,DEMO-NOT-VALID-LOCAL-0230,2029-12-31
DEMO-LOCAL-20260924-0231,DEMO-NOT-VALID-LOCAL-0231,2029-12-31
DEMO-LOCAL-20260924-0232,DEMO-NOT-VALID-LOCAL-0232,2029-12-31
DEMO-LOCAL-20260924-0233,DEMO-NOT-VALID-LOCAL-0233,2029-12-31
DEMO-LOCAL-20260924-0234,DEMO-NOT-VALID-LOCAL-0234,2029-12-31
DEMO-LOCAL-20260924-0235,DEMO-NOT-VALID-LOCAL-0235,2029-12-31
DEMO-LOCAL-20260924-0236,DEMO-NOT-VALID-LOCAL-0236,2029-12-31
DEMO-LOCAL-20260924-0237,DEMO-NOT-VALID-LOCAL-0237,2029-12-31
DEMO-LOCAL-20260924-0238,DEMO-NOT-VALID-LOCAL-0238,2029-12-31
DEMO-LOCAL-20260924-0239,DEMO-NOT-VALID-LOCAL-0239,2029-12-31
DEMO-LOCAL-20260924-0240,DEMO-NOT-VALID-LOCAL-0240,2029-12-31
DEMO-LOCAL-20260924-0241,DEMO-NOT-VALID-LOCAL-0241,2029-12-31
DEMO-LOCAL-20260924-0242,DEMO-NOT-VALID-LOCAL-0242,2029-12-31
DEMO-LOCAL-20260924-0243,DEMO-NOT-VALID-LOCAL-0243,2029-12-31
DEMO-LOCAL-20260924-0244,DEMO-NOT-VALID-LOCAL-0244,2029-12-31
DEMO-LOCAL-20260924-0245,DEMO-NOT-VALID-LOCAL-0245,2029-12-31
DEMO-LOCAL-20260924-0246,DEMO-NOT-VALID-LOCAL-0246,2029-12-31
DEMO-LOCAL-20260924-0247,DEMO-NOT-VALID-LOCAL-0247,2029-12-31
DEMO-LOCAL-20260924-0248,DEMO-NOT-VALID-LOCAL-0248,2029-12-31
DEMO-LOCAL-20260924-0249,DEMO-NOT-VALID-LOCAL-0249,2029-12-31
DEMO-LOCAL-20260924-0250,DEMO-NOT-VALID-LOCAL-0250,2029-12-31
DEMO-LOCAL-20260924-0251,DEMO-NOT-VALID-LOCAL-0251,2029-12-31
DEMO-LOCAL-20260924-0252,DEMO-NOT-VALID-LOCAL-0252,2029-12-31
DEMO-LOCAL-20260924-0253,DEMO-NOT-VALID-LOCAL-0253,2029-12-31
DEMO-LOCAL-20260924-0254,DEMO-NOT-VALID-LOCAL-0254,2029-12-31
DEMO-LOCAL-20260924-0255,DEMO-NOT-VALID-LOCAL-0255,2029-12-31
DEMO-LOCAL-20260924-0256,DEMO-NOT-VALID-LOCAL-0256,2029-12-31
DEMO-LOCAL-20260924-0257,DEMO-NOT-VALID-LOCAL-0257,2029-12-31
DEMO-LOCAL-20260924-0258,DEMO-NOT-VALID-LOCAL-0258,2029-12-31
DEMO-LOCAL-20260924-0259,DEMO-NOT-VALID-LOCAL-0259,2029-12-31
DEMO-LOCAL-20260924-0260,DEMO-NOT-VALID-LOCAL-0260,2029-12-31
DEMO-LOCAL-20260924-0261,DEMO-NOT-VALID-LOCAL-0261,2029-12-31
DEMO-LOCAL-20260924-0262,DEMO-NOT-VALID-LOCAL-0262,2029-12-31
DEMO-LOCAL-20260924-0263,DEMO-NOT-VALID-LOCAL-0263,2029-12-31
DEMO-LOCAL-20260924-0264,DEMO-NOT-VALID-LOCAL-0264,2029-12-31
DEMO-LOCAL-20260924-0265,DEMO-NOT-VALID-LOCAL-0265,2029-12-31
DEMO-LOCAL-20260924-0266,DEMO-NOT-VALID-LOCAL-0266,2029-12-31
DEMO-LOCAL-20260924-0267,DEMO-NOT-VALID-LOCAL-0267,2029-12-31
DEMO-LOCAL-20260924-0268,DEMO-NOT-VALID-LOCAL-0268,2029-12-31
DEMO-LOCAL-20260924-0269,DEMO-NOT-VALID-LOCAL-0269,2029-12-31
DEMO-LOCAL-20260924-0270,DEMO-NOT-VALID-LOCAL-0270,2029-12-31
DEMO-LOCAL-20260924-0271,DEMO-NOT-VALID-LOCAL-0271,2029-12-31
DEMO-LOCAL-20260924-0272,DEMO-NOT-VALID-LOCAL-0272,2029-12-31
DEMO-LOCAL-20260924-0273,DEMO-NOT-VALID-LOCAL-0273,2029-12-31
DEMO-LOCAL-20260924-0274,DEMO-NOT-VALID-LOCAL-0274,2029-12-31
DEMO-LOCAL-20260924-0275,DEMO-NOT-VALID-LOCAL-0275,2029-12-31
DEMO-LOCAL-20260924-0276,DEMO-NOT-VALID-LOCAL-0276,2029-12-31
DEMO-LOCAL-20260924-0277,DEMO-NOT-VALID-LOCAL-0277,2029-12-31
DEMO-LOCAL-20260924-0278,DEMO-NOT-VALID-LOCAL-0278,2029-12-31
DEMO-LOCAL-20260924-0279,DEMO-NOT-VALID-LOCAL-0279,2029-12-31
DEMO-LOCAL-20260924-0280,DEMO-NOT-VALID-LOCAL-0280,2029-12-31
DEMO-LOCAL-20260924-0281,DEMO-NOT-VALID-LOCAL-0281,2029-12-31
DEMO-LOCAL-20260924-0282,DEMO-NOT-VALID-LOCAL-0282,2029-12-31
DEMO-LOCAL-20260924-0283,DEMO-NOT-VALID-LOCAL-0283,2029-12-31
DEMO-LOCAL-20260924-0284,DEMO-NOT-VALID-LOCAL-0284,2029-12-31
DEMO-LOCAL-20260924-0285,DEMO-NOT-VALID-LOCAL-0285,2029-12-31
DEMO-LOCAL-20260924-0286,DEMO-NOT-VALID-LOCAL-0286,2029-12-31
DEMO-LOCAL-20260924-0287,DEMO-NOT-VALID-LOCAL-0287,2029-12-31
DEMO-LOCAL-20260924-0288,DEMO-NOT-VALID-LOCAL-0288,2029-12-31
DEMO-LOCAL-20260924-0289,DEMO-NOT-VALID-LOCAL-0289,2029-12-31
DEMO-LOCAL-20260924-0290,DEMO-NOT-VALID-LOCAL-0290,2029-12-31
DEMO-LOCAL-20260924-0291,DEMO-NOT-VALID-LOCAL-0291,2029-12-31
DEMO-LOCAL-20260924-0292,DEMO-NOT-VALID-LOCAL-0292,2029-12-31
DEMO-LOCAL-20260924-0293,DEMO-NOT-VALID-LOCAL-0293,2029-12-31
DEMO-LOCAL-20260924-0294,DEMO-NOT-VALID-LOCAL-0294,2029-12-31
DEMO-LOCAL-20260924-0295,DEMO-NOT-VALID-LOCAL-0295,2029-12-31
DEMO-LOCAL-20260924-0296,DEMO-NOT-VALID-LOCAL-0296,2029-12-31
DEMO-LOCAL-20260924-0297,DEMO-NOT-VALID-LOCAL-0297,2029-12-31
DEMO-LOCAL-20260924-0298,DEMO-NOT-VALID-LOCAL-0298,2029-12-31
DEMO-LOCAL-20260924-0299,DEMO-NOT-VALID-LOCAL-0299,2029-12-31
DEMO-LOCAL-20260924-0300,DEMO-NOT-VALID-LOCAL-0300,2029-12-31
DEMO-LOCAL-20260924-0301,DEMO-NOT-VALID-LOCAL-0301,2029-12-31
DEMO-LOCAL-20260924-0302,DEMO-NOT-VALID-LOCAL-0302,2029-12-31
DEMO-LOCAL-20260924-0303,DEMO-NOT-VALID-LOCAL-0303,2029-12-31
DEMO-LOCAL-20260924-0304,DEMO-NOT-VALID-LOCAL-0304,2029-12-31
DEMO-LOCAL-20260924-0305,DEMO-NOT-VALID-LOCAL-0305,2029-12-31
DEMO-LOCAL-20260924-0306,DEMO-NOT-VALID-LOCAL-0306,2029-12-31
DEMO-LOCAL-20260924-0307,DEMO-NOT-VALID-LOCAL-0307,2029-12-31
DEMO-LOCAL-20260924-0308,DEMO-NOT-VALID-LOCAL-0308,2029-12-31
DEMO-LOCAL-20260924-0309,DEMO-NOT-VALID-LOCAL-0309,2029-12-31
DEMO-LOCAL-20260924-0310,DEMO-NOT-VALID-LOCAL-0310,2029-12-31
DEMO-LOCAL-20260924-0311,DEMO-NOT-VALID-LOCAL-0311,2029-12-31
DEMO-LOCAL-20260924-0312,DEMO-NOT-VALID-LOCAL-0312,2029-12-31
DEMO-LOCAL-20260924-0313,DEMO-NOT-VALID-LOCAL-0313,2029-12-31
DEMO-LOCAL-20260924-0314,DEMO-NOT-VALID-LOCAL-0314,2029-12-31
DEMO-LOCAL-20260924-0315,DEMO-NOT-VALID-LOCAL-0315,2029-12-31
DEMO-LOCAL-20260924-0316,DEMO-NOT-VALID-LOCAL-0316,2029-12-31
DEMO-LOCAL-20260924-0317,DEMO-NOT-VALID-LOCAL-0317,2029-12-31
DEMO-LOCAL-20260924-0318,DEMO-NOT-VALID-LOCAL-0318,2029-12-31
DEMO-LOCAL-20260924-0319,DEMO-NOT-VALID-LOCAL-0319,2029-12-31
DEMO-LOCAL-20260924-0320,DEMO-NOT-VALID-LOCAL-0320,2029-12-31
DEMO-LOCAL-20260924-0321,DEMO-NOT-VALID-LOCAL-0321,2029-12-31
DEMO-LOCAL-20260924-0322,DEMO-NOT-VALID-LOCAL-0322,2029-12-31
DEMO-LOCAL-20260924-0323,DEMO-NOT-VALID-LOCAL-0323,2029-12-31
DEMO-LOCAL-20260924-0324,DEMO-NOT-VALID-LOCAL-0324,2029-12-31
DEMO-LOCAL-20260924-0325,DEMO-NOT-VALID-LOCAL-0325,2029-12-31
DEMO-LOCAL-20260924-0326,DEMO-NOT-VALID-LOCAL-0326,2029-12-31
DEMO-LOCAL-20260924-0327,DEMO-NOT-VALID-LOCAL-0327,2029-12-31
DEMO-LOCAL-20260924-0328,DEMO-NOT-VALID-LOCAL-0328,2029-12-31
DEMO-LOCAL-20260924-0329,DEMO-NOT-VALID-LOCAL-0329,2029-12-31
DEMO-LOCAL-20260924-0330,DEMO-NOT-VALID-LOCAL-0330,2029-12-31
DEMO-LOCAL-20260924-0331,DEMO-NOT-VALID-LOCAL-0331,2029-12-31
DEMO-LOCAL-20260924-0332,DEMO-NOT-VALID-LOCAL-0332,2029-12-31
DEMO-LOCAL-20260924-0333,DEMO-NOT-VALID-LOCAL-0333,2029-12-31
DEMO-LOCAL-20260924-0334,DEMO-NOT-VALID-LOCAL-0334,2029-12-31
DEMO-LOCAL-20260924-0335,DEMO-NOT-VALID-LOCAL-0335,2029-12-31
DEMO-LOCAL-20260924-0336,DEMO-NOT-VALID-LOCAL-0336,2029-12-31
DEMO-LOCAL-20260924-0337,DEMO-NOT-VALID-LOCAL-0337,2029-12-31
DEMO-LOCAL-20260924-0338,DEMO-NOT-VALID-LOCAL-0338,2029-12-31
DEMO-LOCAL-20260924-0339,DEMO-NOT-VALID-LOCAL-0339,2029-12-31
DEMO-LOCAL-20260924-0340,DEMO-NOT-VALID-LOCAL-0340,2029-12-31
DEMO-LOCAL-20260924-0341,DEMO-NOT-VALID-LOCAL-0341,2029-12-31
DEMO-LOCAL-20260924-0342,DEMO-NOT-VALID-LOCAL-0342,2029-12-31
DEMO-LOCAL-20260924-0343,DEMO-NOT-VALID-LOCAL-0343,2029-12-31
DEMO-LOCAL-20260924-0344,DEMO-NOT-VALID-LOCAL-0344,2029-12-31
DEMO-LOCAL-20260924-0345,DEMO-NOT-VALID-LOCAL-0345,2029-12-31
DEMO-LOCAL-20260924-0346,DEMO-NOT-VALID-LOCAL-0346,2029-12-31
DEMO-LOCAL-20260924-0347,DEMO-NOT-VALID-LOCAL-0347,2029-12-31
DEMO-LOCAL-20260924-0348,DEMO-NOT-VALID-LOCAL-0348,2029-12-31
DEMO-LOCAL-20260924-0349,DEMO-NOT-VALID-LOCAL-0349,2029-12-31
DEMO-LOCAL-20260924-0350,DEMO-NOT-VALID-LOCAL-0350,2029-12-31
DEMO-LOCAL-20260924-0351,DEMO-NOT-VALID-LOCAL-0351,2029-12-31
DEMO-LOCAL-20260924-0352,DEMO-NOT-VALID-LOCAL-0352,2029-12-31
DEMO-LOCAL-20260924-0353,DEMO-NOT-VALID-LOCAL-0353,2029-12-31
DEMO-LOCAL-20260924-0354,DEMO-NOT-VALID-LOCAL-0354,2029-12-31
DEMO-LOCAL-20260924-0355,DEMO-NOT-VALID-LOCAL-0355,2029-12-31
DEMO-LOCAL-20260924-0356,DEMO-NOT-VALID-LOCAL-0356,2029-12-31
DEMO-LOCAL-20260924-0357,DEMO-NOT-VALID-LOCAL-0357,2029-12-31
DEMO-LOCAL-20260924-0358,DEMO-NOT-VALID-LOCAL-0358,2029-12-31
DEMO-LOCAL-20260924-0359,DEMO-NOT-VALID-LOCAL-0359,2029-12-31
DEMO-LOCAL-20260924-0360,DEMO-NOT-VALID-LOCAL-0360,2029-12-31
DEMO-LOCAL-20260924-0361,DEMO-NOT-VALID-LOCAL-0361,2029-12-31
DEMO-LOCAL-20260924-0362,DEMO-NOT-VALID-LOCAL-0362,2029-12-31
DEMO-LOCAL-20260924-0363,DEMO-NOT-VALID-LOCAL-0363,2029-12-31
DEMO-LOCAL-20260924-0364,DEMO-NOT-VALID-LOCAL-0364,2029-12-31
DEMO-LOCAL-20260924-0365,DEMO-NOT-VALID-LOCAL-0365,2029-12-31
DEMO-LOCAL-20260924-0366,DEMO-NOT-VALID-LOCAL-0366,2029-12-31
DEMO-LOCAL-20260924-0367,DEMO-NOT-VALID-LOCAL-0367,2029-12-31
DEMO-LOCAL-20260924-0368,DEMO-NOT-VALID-LOCAL-0368,2029-12-31
DEMO-LOCAL-20260924-0369,DEMO-NOT-VALID-LOCAL-0369,2029-12-31
DEMO-LOCAL-20260924-0370,DEMO-NOT-VALID-LOCAL-0370,2029-12-31
DEMO-LOCAL-20260924-0371,DEMO-NOT-VALID-LOCAL-0371,2029-12-31
DEMO-LOCAL-20260924-0372,DEMO-NOT-VALID-LOCAL-0372,2029-12-31
DEMO-LOCAL-20260924-0373,DEMO-NOT-VALID-LOCAL-0373,2029-12-31
DEMO-LOCAL-20260924-0374,DEMO-NOT-VALID-LOCAL-0374,2029-12-31
DEMO-LOCAL-20260924-0375,DEMO-NOT-VALID-LOCAL-0375,2029-12-31
DEMO-LOCAL-20260924-0376,DEMO-NOT-VALID-LOCAL-0376,2029-12-31
DEMO-LOCAL-20260924-0377,DEMO-NOT-VALID-LOCAL-0377,2029-12-31
DEMO-LOCAL-20260924-0378,DEMO-NOT-VALID-LOCAL-0378,2029-12-31
DEMO-LOCAL-20260924-0379,DEMO-NOT-VALID-LOCAL-0379,2029-12-31
DEMO-LOCAL-20260924-0380,DEMO-NOT-VALID-LOCAL-0380,2029-12-31
DEMO-LOCAL-20260924-0381,DEMO-NOT-VALID-LOCAL-0381,2029-12-31
DEMO-LOCAL-20260924-0382,DEMO-NOT-VALID-LOCAL-0382,2029-12-31
DEMO-LOCAL-20260924-0383,DEMO-NOT-VALID-LOCAL-0383,2029-12-31
DEMO-LOCAL-20260924-0384,DEMO-NOT-VALID-LOCAL-0384,2029-12-31
DEMO-LOCAL-20260924-0385,DEMO-NOT-VALID-LOCAL-0385,2029-12-31
DEMO-LOCAL-20260924-0386,DEMO-NOT-VALID-LOCAL-0386,2029-12-31
DEMO-LOCAL-20260924-0387,DEMO-NOT-VALID-LOCAL-0387,2029-12-31
DEMO-LOCAL-20260924-0388,DEMO-NOT-VALID-LOCAL-0388,2029-12-31
DEMO-LOCAL-20260924-0389,DEMO-NOT-VALID-LOCAL-0389,2029-12-31
DEMO-LOCAL-20260924-0390,DEMO-NOT-VALID-LOCAL-0390,2029-12-31
DEMO-LOCAL-20260924-0391,DEMO-NOT-VALID-LOCAL-0391,2029-12-31
DEMO-LOCAL-20260924-0392,DEMO-NOT-VALID-LOCAL-0392,2029-12-31
DEMO-LOCAL-20260924-0393,DEMO-NOT-VALID-LOCAL-0393,2029-12-31
DEMO-LOCAL-20260924-0394,DEMO-NOT-VALID-LOCAL-0394,2029-12-31
DEMO-LOCAL-20260924-0395,DEMO-NOT-VALID-LOCAL-0395,2029-12-31
DEMO-LOCAL-20260924-0396,DEMO-NOT-VALID-LOCAL-0396,2029-12-31
DEMO-LOCAL-20260924-0397,DEMO-NOT-VALID-LOCAL-0397,2029-12-31
DEMO-LOCAL-20260924-0398,DEMO-NOT-VALID-LOCAL-0398,2029-12-31
DEMO-LOCAL-20260924-0399,DEMO-NOT-VALID-LOCAL-0399,2029-12-31
DEMO-LOCAL-20260924-0400,DEMO-NOT-VALID-LOCAL-0400,2029-12-31
DEMO-LOCAL-20260924-0401,DEMO-NOT-VALID-LOCAL-0401,2029-12-31
DEMO-LOCAL-20260924-0402,DEMO-NOT-VALID-LOCAL-0402,2029-12-31
DEMO-LOCAL-20260924-0403,DEMO-NOT-VALID-LOCAL-0403,2029-12-31
DEMO-LOCAL-20260924-0404,DEMO-NOT-VALID-LOCAL-0404,2029-12-31
DEMO-LOCAL-20260924-0405,DEMO-NOT-VALID-LOCAL-0405,2029-12-31
DEMO-LOCAL-20260924-0406,DEMO-NOT-VALID-LOCAL-0406,2029-12-31
DEMO-LOCAL-20260924-0407,DEMO-NOT-VALID-LOCAL-0407,2029-12-31
DEMO-LOCAL-20260924-0408,DEMO-NOT-VALID-LOCAL-0408,2029-12-31
DEMO-LOCAL-20260924-0409,DEMO-NOT-VALID-LOCAL-0409,2029-12-31
DEMO-LOCAL-20260924-0410,DEMO-NOT-VALID-LOCAL-0410,2029-12-31
DEMO-LOCAL-20260924-0411,DEMO-NOT-VALID-LOCAL-0411,2029-12-31
DEMO-LOCAL-20260924-0412,DEMO-NOT-VALID-LOCAL-0412,2029-12-31
DEMO-LOCAL-20260924-0413,DEMO-NOT-VALID-LOCAL-0413,2029-12-31
DEMO-LOCAL-20260924-0414,DEMO-NOT-VALID-LOCAL-0414,2029-12-31
DEMO-LOCAL-20260924-0415,DEMO-NOT-VALID-LOCAL-0415,2029-12-31
DEMO-LOCAL-20260924-0416,DEMO-NOT-VALID-LOCAL-0416,2029-12-31
DEMO-LOCAL-20260924-0417,DEMO-NOT-VALID-LOCAL-0417,2029-12-31
DEMO-LOCAL-20260924-0418,DEMO-NOT-VALID-LOCAL-0418,2029-12-31
DEMO-LOCAL-20260924-0419,DEMO-NOT-VALID-LOCAL-0419,2029-12-31
DEMO-LOCAL-20260924-0420,DEMO-NOT-VALID-LOCAL-0420,2029-12-31
DEMO-LOCAL-20260924-0421,DEMO-NOT-VALID-LOCAL-0421,2029-12-31
DEMO-LOCAL-20260924-0422,DEMO-NOT-VALID-LOCAL-0422,2029-12-31
DEMO-LOCAL-20260924-0423,DEMO-NOT-VALID-LOCAL-0423,2029-12-31
DEMO-LOCAL-20260924-0424,DEMO-NOT-VALID-LOCAL-0424,2029-12-31
DEMO-LOCAL-20260924-0425,DEMO-NOT-VALID-LOCAL-0425,2029-12-31
DEMO-LOCAL-20260924-0426,DEMO-NOT-VALID-LOCAL-0426,2029-12-31
DEMO-LOCAL-20260924-0427,DEMO-NOT-VALID-LOCAL-0427,2029-12-31
DEMO-LOCAL-20260924-0428,DEMO-NOT-VALID-LOCAL-0428,2029-12-31
DEMO-LOCAL-20260924-0429,DEMO-NOT-VALID-LOCAL-0429,2029-12-31
DEMO-LOCAL-20260924-0430,DEMO-NOT-VALID-LOCAL-0430,2029-12-31
DEMO-LOCAL-20260924-0431,DEMO-NOT-VALID-LOCAL-0431,2029-12-31
DEMO-LOCAL-20260924-0432,DEMO-NOT-VALID-LOCAL-0432,2029-12-31
DEMO-LOCAL-20260924-0433,DEMO-NOT-VALID-LOCAL-0433,2029-12-31
DEMO-LOCAL-20260924-0434,DEMO-NOT-VALID-LOCAL-0434,2029-12-31
DEMO-LOCAL-20260924-0435,DEMO-NOT-VALID-LOCAL-0435,2029-12-31
DEMO-LOCAL-20260924-0436,DEMO-NOT-VALID-LOCAL-0436,2029-12-31
DEMO-LOCAL-20260924-0437,DEMO-NOT-VALID-LOCAL-0437,2029-12-31
DEMO-LOCAL-20260924-0438,DEMO-NOT-VALID-LOCAL-0438,2029-12-31
DEMO-LOCAL-20260924-0439,DEMO-NOT-VALID-LOCAL-0439,2029-12-31
DEMO-LOCAL-20260924-0440,DEMO-NOT-VALID-LOCAL-0440,2029-12-31
DEMO-LOCAL-20260924-0441,DEMO-NOT-VALID-LOCAL-0441,2029-12-31
DEMO-LOCAL-20260924-0442,DEMO-NOT-VALID-LOCAL-0442,2029-12-31
DEMO-LOCAL-20260924-0443,DEMO-NOT-VALID-LOCAL-0443,2029-12-31
DEMO-LOCAL-20260924-0444,DEMO-NOT-VALID-LOCAL-0444,2029-12-31
DEMO-LOCAL-20260924-0445,DEMO-NOT-VALID-LOCAL-0445,2029-12-31
DEMO-LOCAL-20260924-0446,DEMO-NOT-VALID-LOCAL-0446,2029-12-31
DEMO-LOCAL-20260924-0447,DEMO-NOT-VALID-LOCAL-0447,2029-12-31
DEMO-LOCAL-20260924-0448,DEMO-NOT-VALID-LOCAL-0448,2029-12-31
DEMO-LOCAL-20260924-0449,DEMO-NOT-VALID-LOCAL-0449,2029-12-31
DEMO-LOCAL-20260924-0450,DEMO-NOT-VALID-LOCAL-0450,2029-12-31
DEMO-LOCAL-20260924-0451,DEMO-NOT-VALID-LOCAL-0451,2029-12-31
DEMO-LOCAL-20260924-0452,DEMO-NOT-VALID-LOCAL-0452,2029-12-31
DEMO-LOCAL-20260924-0453,DEMO-NOT-VALID-LOCAL-0453,2029-12-31
DEMO-LOCAL-20260924-0454,DEMO-NOT-VALID-LOCAL-0454,2029-12-31
DEMO-LOCAL-20260924-0455,DEMO-NOT-VALID-LOCAL-0455,2029-12-31
DEMO-LOCAL-20260924-0456,DEMO-NOT-VALID-LOCAL-0456,2029-12-31
DEMO-LOCAL-20260924-0457,DEMO-NOT-VALID-LOCAL-0457,2029-12-31
DEMO-LOCAL-20260924-0458,DEMO-NOT-VALID-LOCAL-0458,2029-12-31
DEMO-LOCAL-20260924-0459,DEMO-NOT-VALID-LOCAL-0459,2029-12-31
DEMO-LOCAL-20260924-0460,DEMO-NOT-VALID-LOCAL-0460,2029-12-31
DEMO-LOCAL-20260924-0461,DEMO-NOT-VALID-LOCAL-0461,2029-12-31
DEMO-LOCAL-20260924-0462,DEMO-NOT-VALID-LOCAL-0462,2029-12-31
DEMO-LOCAL-20260924-0463,DEMO-NOT-VALID-LOCAL-0463,2029-12-31
DEMO-LOCAL-20260924-0464,DEMO-NOT-VALID-LOCAL-0464,2029-12-31
DEMO-LOCAL-20260924-0465,DEMO-NOT-VALID-LOCAL-0465,2029-12-31
DEMO-LOCAL-20260924-0466,DEMO-NOT-VALID-LOCAL-0466,2029-12-31
DEMO-LOCAL-20260924-0467,DEMO-NOT-VALID-LOCAL-0467,2029-12-31
DEMO-LOCAL-20260924-0468,DEMO-NOT-VALID-LOCAL-0468,2029-12-31
DEMO-LOCAL-20260924-0469,DEMO-NOT-VALID-LOCAL-0469,2029-12-31
DEMO-LOCAL-20260924-0470,DEMO-NOT-VALID-LOCAL-0470,2029-12-31
DEMO-LOCAL-20260924-0471,DEMO-NOT-VALID-LOCAL-0471,2029-12-31
DEMO-LOCAL-20260924-0472,DEMO-NOT-VALID-LOCAL-0472,2029-12-31
DEMO-LOCAL-20260924-0473,DEMO-NOT-VALID-LOCAL-0473,2029-12-31
DEMO-LOCAL-20260924-0474,DEMO-NOT-VALID-LOCAL-0474,2029-12-31
DEMO-LOCAL-20260924-0475,DEMO-NOT-VALID-LOCAL-0475,2029-12-31
DEMO-LOCAL-20260924-0476,DEMO-NOT-VALID-LOCAL-0476,2029-12-31
DEMO-LOCAL-20260924-0477,DEMO-NOT-VALID-LOCAL-0477,2029-12-31
DEMO-LOCAL-20260924-0478,DEMO-NOT-VALID-LOCAL-0478,2029-12-31
DEMO-LOCAL-20260924-0479,DEMO-NOT-VALID-LOCAL-0479,2029-12-31
DEMO-LOCAL-20260924-0480,DEMO-NOT-VALID-LOCAL-0480,2029-12-31
DEMO-LOCAL-20260924-0481,DEMO-NOT-VALID-LOCAL-0481,2029-12-31
DEMO-LOCAL-20260924-0482,DEMO-NOT-VALID-LOCAL-0482,2029-12-31
DEMO-LOCAL-20260924-0483,DEMO-NOT-VALID-LOCAL-0483,2029-12-31
DEMO-LOCAL-20260924-0484,DEMO-NOT-VALID-LOCAL-0484,2029-12-31
DEMO-LOCAL-20260924-0485,DEMO-NOT-VALID-LOCAL-0485,2029-12-31
DEMO-LOCAL-20260924-0486,DEMO-NOT-VALID-LOCAL-0486,2029-12-31
DEMO-LOCAL-20260924-0487,DEMO-NOT-VALID-LOCAL-0487,2029-12-31
DEMO-LOCAL-20260924-0488,DEMO-NOT-VALID-LOCAL-0488,2029-12-31
DEMO-LOCAL-20260924-0489,DEMO-NOT-VALID-LOCAL-0489,2029-12-31
DEMO-LOCAL-20260924-0490,DEMO-NOT-VALID-LOCAL-0490,2029-12-31
DEMO-LOCAL-20260924-0491,DEMO-NOT-VALID-LOCAL-0491,2029-12-31
DEMO-LOCAL-20260924-0492,DEMO-NOT-VALID-LOCAL-0492,2029-12-31
DEMO-LOCAL-20260924-0493,DEMO-NOT-VALID-LOCAL-0493,2029-12-31
DEMO-LOCAL-20260924-0494,DEMO-NOT-VALID-LOCAL-0494,2029-12-31
DEMO-LOCAL-20260924-0495,DEMO-NOT-VALID-LOCAL-0495,2029-12-31
DEMO-LOCAL-20260924-0496,DEMO-NOT-VALID-LOCAL-0496,2029-12-31
DEMO-LOCAL-20260924-0497,DEMO-NOT-VALID-LOCAL-0497,2029-12-31
DEMO-LOCAL-20260924-0498,DEMO-NOT-VALID-LOCAL-0498,2029-12-31
DEMO-LOCAL-20260924-0499,DEMO-NOT-VALID-LOCAL-0499,2029-12-31
DEMO-LOCAL-20260924-0500,DEMO-NOT-VALID-LOCAL-0500,2029-12-31
DEMO-LOCAL-20260924-0501,DEMO-NOT-VALID-LOCAL-0501,2029-12-31
DEMO-LOCAL-20260924-0502,DEMO-NOT-VALID-LOCAL-0502,2029-12-31
DEMO-LOCAL-20260924-0503,DEMO-NOT-VALID-LOCAL-0503,2029-12-31
DEMO-LOCAL-20260924-0504,DEMO-NOT-VALID-LOCAL-0504,2029-12-31
DEMO-LOCAL-20260924-0505,DEMO-NOT-VALID-LOCAL-0505,2029-12-31
DEMO-LOCAL-20260924-0506,DEMO-NOT-VALID-LOCAL-0506,2029-12-31
DEMO-LOCAL-20260924-0507,DEMO-NOT-VALID-LOCAL-0507,2029-12-31
DEMO-LOCAL-20260924-0508,DEMO-NOT-VALID-LOCAL-0508,2029-12-31
DEMO-LOCAL-20260924-0509,DEMO-NOT-VALID-LOCAL-0509,2029-12-31
DEMO-LOCAL-20260924-0510,DEMO-NOT-VALID-LOCAL-0510,2029-12-31
DEMO-LOCAL-20260924-0511,DEMO-NOT-VALID-LOCAL-0511,2029-12-31
DEMO-LOCAL-20260924-0512,DEMO-NOT-VALID-LOCAL-0512,2029-12-31
DEMO-LOCAL-20260924-0513,DEMO-NOT-VALID-LOCAL-0513,2029-12-31
DEMO-LOCAL-20260924-0514,DEMO-NOT-VALID-LOCAL-0514,2029-12-31
DEMO-LOCAL-20260924-0515,DEMO-NOT-VALID-LOCAL-0515,2029-12-31
DEMO-LOCAL-20260924-0516,DEMO-NOT-VALID-LOCAL-0516,2029-12-31
DEMO-LOCAL-20260924-0517,DEMO-NOT-VALID-LOCAL-0517,2029-12-31
DEMO-LOCAL-20260924-0518,DEMO-NOT-VALID-LOCAL-0518,2029-12-31
DEMO-LOCAL-20260924-0519,DEMO-NOT-VALID-LOCAL-0519,2029-12-31
DEMO-LOCAL-20260924-0520,DEMO-NOT-VALID-LOCAL-0520,2029-12-31
DEMO-LOCAL-20260924-0521,DEMO-NOT-VALID-LOCAL-0521,2029-12-31
DEMO-LOCAL-20260924-0522,DEMO-NOT-VALID-LOCAL-0522,2029-12-31
DEMO-LOCAL-20260924-0523,DEMO-NOT-VALID-LOCAL-0523,2029-12-31
DEMO-LOCAL-20260924-0524,DEMO-NOT-VALID-LOCAL-0524,2029-12-31
DEMO-LOCAL-20260924-0525,DEMO-NOT-VALID-LOCAL-0525,2029-12-31
DEMO-LOCAL-20260924-0526,DEMO-NOT-VALID-LOCAL-0526,2029-12-31
DEMO-LOCAL-20260924-0527,DEMO-NOT-VALID-LOCAL-0527,2029-12-31
DEMO-LOCAL-20260924-0528,DEMO-NOT-VALID-LOCAL-0528,2029-12-31
DEMO-LOCAL-20260924-0529,DEMO-NOT-VALID-LOCAL-0529,2029-12-31
DEMO-LOCAL-20260924-0530,DEMO-NOT-VALID-LOCAL-0530,2029-12-31
DEMO-LOCAL-20260924-0531,DEMO-NOT-VALID-LOCAL-0531,2029-12-31
DEMO-LOCAL-20260924-0532,DEMO-NOT-VALID-LOCAL-0532,2029-12-31
DEMO-LOCAL-20260924-0533,DEMO-NOT-VALID-LOCAL-0533,2029-12-31
DEMO-LOCAL-20260924-0534,DEMO-NOT-VALID-LOCAL-0534,2029-12-31
DEMO-LOCAL-20260924-0535,DEMO-NOT-VALID-LOCAL-0535,2029-12-31
DEMO-LOCAL-20260924-0536,DEMO-NOT-VALID-LOCAL-0536,2029-12-31
DEMO-LOCAL-20260924-0537,DEMO-NOT-VALID-LOCAL-0537,2029-12-31
DEMO-LOCAL-20260924-0538,DEMO-NOT-VALID-LOCAL-0538,2029-12-31
DEMO-LOCAL-20260924-0539,DEMO-NOT-VALID-LOCAL-0539,2029-12-31
DEMO-LOCAL-20260924-0540,DEMO-NOT-VALID-LOCAL-0540,2029-12-31
DEMO-LOCAL-20260924-0541,DEMO-NOT-VALID-LOCAL-0541,2029-12-31
DEMO-LOCAL-20260924-0542,DEMO-NOT-VALID-LOCAL-0542,2029-12-31
DEMO-LOCAL-20260924-0543,DEMO-NOT-VALID-LOCAL-0543,2029-12-31
DEMO-LOCAL-20260924-0544,DEMO-NOT-VALID-LOCAL-0544,2029-12-31
DEMO-LOCAL-20260924-0545,DEMO-NOT-VALID-LOCAL-0545,2029-12-31
DEMO-LOCAL-20260924-0546,DEMO-NOT-VALID-LOCAL-0546,2029-12-31
DEMO-LOCAL-20260924-0547,DEMO-NOT-VALID-LOCAL-0547,2029-12-31
DEMO-LOCAL-20260924-0548,DEMO-NOT-VALID-LOCAL-0548,2029-12-31
DEMO-LOCAL-20260924-0549,DEMO-NOT-VALID-LOCAL-0549,2029-12-31
DEMO-LOCAL-20260924-0550,DEMO-NOT-VALID-LOCAL-0550,2029-12-31
DEMO-LOCAL-20260924-0551,DEMO-NOT-VALID-LOCAL-0551,2029-12-31
DEMO-LOCAL-20260924-0552,DEMO-NOT-VALID-LOCAL-0552,2029-12-31
DEMO-LOCAL-20260924-0553,DEMO-NOT-VALID-LOCAL-0553,2029-12-31
DEMO-LOCAL-20260924-0554,DEMO-NOT-VALID-LOCAL-0554,2029-12-31
DEMO-LOCAL-20260924-0555,DEMO-NOT-VALID-LOCAL-0555,2029-12-31
DEMO-LOCAL-20260924-0556,DEMO-NOT-VALID-LOCAL-0556,2029-12-31
DEMO-LOCAL-20260924-0557,DEMO-NOT-VALID-LOCAL-0557,2029-12-31
DEMO-LOCAL-20260924-0558,DEMO-NOT-VALID-LOCAL-0558,2029-12-31
DEMO-LOCAL-20260924-0559,DEMO-NOT-VALID-LOCAL-0559,2029-12-31
DEMO-LOCAL-20260924-0560,DEMO-NOT-VALID-LOCAL-0560,2029-12-31
DEMO-LOCAL-20260924-0561,DEMO-NOT-VALID-LOCAL-0561,2029-12-31
DEMO-LOCAL-20260924-0562,DEMO-NOT-VALID-LOCAL-0562,2029-12-31
DEMO-LOCAL-20260924-0563,DEMO-NOT-VALID-LOCAL-0563,2029-12-31
DEMO-LOCAL-20260924-0564,DEMO-NOT-VALID-LOCAL-0564,2029-12-31
DEMO-LOCAL-20260924-0565,DEMO-NOT-VALID-LOCAL-0565,2029-12-31
DEMO-LOCAL-20260924-0566,DEMO-NOT-VALID-LOCAL-0566,2029-12-31
DEMO-LOCAL-20260924-0567,DEMO-NOT-VALID-LOCAL-0567,2029-12-31
DEMO-LOCAL-20260924-0568,DEMO-NOT-VALID-LOCAL-0568,2029-12-31
DEMO-LOCAL-20260924-0569,DEMO-NOT-VALID-LOCAL-0569,2029-12-31
DEMO-LOCAL-20260924-0570,DEMO-NOT-VALID-LOCAL-0570,2029-12-31
DEMO-LOCAL-20260924-0571,DEMO-NOT-VALID-LOCAL-0571,2029-12-31
DEMO-LOCAL-20260924-0572,DEMO-NOT-VALID-LOCAL-0572,2029-12-31
DEMO-LOCAL-20260924-0573,DEMO-NOT-VALID-LOCAL-0573,2029-12-31
DEMO-LOCAL-20260924-0574,DEMO-NOT-VALID-LOCAL-0574,2029-12-31
DEMO-LOCAL-20260924-0575,DEMO-NOT-VALID-LOCAL-0575,2029-12-31
DEMO-LOCAL-20260924-0576,DEMO-NOT-VALID-LOCAL-0576,2029-12-31
DEMO-LOCAL-20260924-0577,DEMO-NOT-VALID-LOCAL-0577,2029-12-31
DEMO-LOCAL-20260924-0578,DEMO-NOT-VALID-LOCAL-0578,2029-12-31
DEMO-LOCAL-20260924-0579,DEMO-NOT-VALID-LOCAL-0579,2029-12-31
DEMO-LOCAL-20260924-0580,DEMO-NOT-VALID-LOCAL-0580,2029-12-31
DEMO-LOCAL-20260924-0581,DEMO-NOT-VALID-LOCAL-0581,2029-12-31
DEMO-LOCAL-20260924-0582,DEMO-NOT-VALID-LOCAL-0582,2029-12-31
DEMO-LOCAL-20260924-0583,DEMO-NOT-VALID-LOCAL-0583,2029-12-31
DEMO-LOCAL-20260924-0584,DEMO-NOT-VALID-LOCAL-0584,2029-12-31
DEMO-LOCAL-20260924-0585,DEMO-NOT-VALID-LOCAL-0585,2029-12-31
DEMO-LOCAL-20260924-0586,DEMO-NOT-VALID-LOCAL-0586,2029-12-31
DEMO-LOCAL-20260924-0587,DEMO-NOT-VALID-LOCAL-0587,2029-12-31
DEMO-LOCAL-20260924-0588,DEMO-NOT-VALID-LOCAL-0588,2029-12-31
DEMO-LOCAL-20260924-0589,DEMO-NOT-VALID-LOCAL-0589,2029-12-31
DEMO-LOCAL-20260924-0590,DEMO-NOT-VALID-LOCAL-0590,2029-12-31
DEMO-LOCAL-20260924-0591,DEMO-NOT-VALID-LOCAL-0591,2029-12-31
DEMO-LOCAL-20260924-0592,DEMO-NOT-VALID-LOCAL-0592,2029-12-31
DEMO-LOCAL-20260924-0593,DEMO-NOT-VALID-LOCAL-0593,2029-12-31
DEMO-LOCAL-20260924-0594,DEMO-NOT-VALID-LOCAL-0594,2029-12-31
DEMO-LOCAL-20260924-0595,DEMO-NOT-VALID-LOCAL-0595,2029-12-31
DEMO-LOCAL-20260924-0596,DEMO-NOT-VALID-LOCAL-0596,2029-12-31
DEMO-LOCAL-20260924-0597,DEMO-NOT-VALID-LOCAL-0597,2029-12-31
DEMO-LOCAL-20260924-0598,DEMO-NOT-VALID-LOCAL-0598,2029-12-31
DEMO-LOCAL-20260924-0599,DEMO-NOT-VALID-LOCAL-0599,2029-12-31
DEMO-LOCAL-20260924-0600,DEMO-NOT-VALID-LOCAL-0600,2029-12-31
DEMO-LOCAL-20260924-0601,DEMO-NOT-VALID-LOCAL-0601,2029-12-31
DEMO-LOCAL-20260924-0602,DEMO-NOT-VALID-LOCAL-0602,2029-12-31
DEMO-LOCAL-20260924-0603,DEMO-NOT-VALID-LOCAL-0603,2029-12-31
DEMO-LOCAL-20260924-0604,DEMO-NOT-VALID-LOCAL-0604,2029-12-31
DEMO-LOCAL-20260924-0605,DEMO-NOT-VALID-LOCAL-0605,2029-12-31
DEMO-LOCAL-20260924-0606,DEMO-NOT-VALID-LOCAL-0606,2029-12-31
DEMO-LOCAL-20260924-0607,DEMO-NOT-VALID-LOCAL-0607,2029-12-31
DEMO-LOCAL-20260924-0608,DEMO-NOT-VALID-LOCAL-0608,2029-12-31
DEMO-LOCAL-20260924-0609,DEMO-NOT-VALID-LOCAL-0609,2029-12-31
DEMO-LOCAL-20260924-0610,DEMO-NOT-VALID-LOCAL-0610,2029-12-31
DEMO-LOCAL-20260924-0611,DEMO-NOT-VALID-LOCAL-0611,2029-12-31
DEMO-LOCAL-20260924-0612,DEMO-NOT-VALID-LOCAL-0612,2029-12-31
DEMO-LOCAL-20260924-0613,DEMO-NOT-VALID-LOCAL-0613,2029-12-31
DEMO-LOCAL-20260924-0614,DEMO-NOT-VALID-LOCAL-0614,2029-12-31
DEMO-LOCAL-20260924-0615,DEMO-NOT-VALID-LOCAL-0615,2029-12-31
DEMO-LOCAL-20260924-0616,DEMO-NOT-VALID-LOCAL-0616,2029-12-31
DEMO-LOCAL-20260924-0617,DEMO-NOT-VALID-LOCAL-0617,2029-12-31
DEMO-LOCAL-20260924-0618,DEMO-NOT-VALID-LOCAL-0618,2029-12-31
DEMO-LOCAL-20260924-0619,DEMO-NOT-VALID-LOCAL-0619,2029-12-31
DEMO-LOCAL-20260924-0620,DEMO-NOT-VALID-LOCAL-0620,2029-12-31
DEMO-LOCAL-20260924-0621,DEMO-NOT-VALID-LOCAL-0621,2029-12-31
DEMO-LOCAL-20260924-0622,DEMO-NOT-VALID-LOCAL-0622,2029-12-31
DEMO-LOCAL-20260924-0623,DEMO-NOT-VALID-LOCAL-0623,2029-12-31
DEMO-LOCAL-20260924-0624,DEMO-NOT-VALID-LOCAL-0624,2029-12-31
DEMO-LOCAL-20260924-0625,DEMO-NOT-VALID-LOCAL-0625,2029-12-31
DEMO-LOCAL-20260924-0626,DEMO-NOT-VALID-LOCAL-0626,2029-12-31
DEMO-LOCAL-20260924-0627,DEMO-NOT-VALID-LOCAL-0627,2029-12-31
DEMO-LOCAL-20260924-0628,DEMO-NOT-VALID-LOCAL-0628,2029-12-31
DEMO-LOCAL-20260924-0629,DEMO-NOT-VALID-LOCAL-0629,2029-12-31
DEMO-LOCAL-20260924-0630,DEMO-NOT-VALID-LOCAL-0630,2029-12-31
DEMO-LOCAL-20260924-0631,DEMO-NOT-VALID-LOCAL-0631,2029-12-31
DEMO-LOCAL-20260924-0632,DEMO-NOT-VALID-LOCAL-0632,2029-12-31
DEMO-LOCAL-20260924-0633,DEMO-NOT-VALID-LOCAL-0633,2029-12-31
DEMO-LOCAL-20260924-0634,DEMO-NOT-VALID-LOCAL-0634,2029-12-31
DEMO-LOCAL-20260924-0635,DEMO-NOT-VALID-LOCAL-0635,2029-12-31
DEMO-LOCAL-20260924-0636,DEMO-NOT-VALID-LOCAL-0636,2029-12-31
DEMO-LOCAL-20260924-0637,DEMO-NOT-VALID-LOCAL-0637,2029-12-31
DEMO-LOCAL-20260924-0638,DEMO-NOT-VALID-LOCAL-0638,2029-12-31
DEMO-LOCAL-20260924-0639,DEMO-NOT-VALID-LOCAL-0639,2029-12-31
DEMO-LOCAL-20260924-0640,DEMO-NOT-VALID-LOCAL-0640,2029-12-31
DEMO-LOCAL-20260924-0641,DEMO-NOT-VALID-LOCAL-0641,2029-12-31
DEMO-LOCAL-20260924-0642,DEMO-NOT-VALID-LOCAL-0642,2029-12-31
DEMO-LOCAL-20260924-0643,DEMO-NOT-VALID-LOCAL-0643,2029-12-31
DEMO-LOCAL-20260924-0644,DEMO-NOT-VALID-LOCAL-0644,2029-12-31
DEMO-LOCAL-20260924-0645,DEMO-NOT-VALID-LOCAL-0645,2029-12-31
DEMO-LOCAL-20260924-0646,DEMO-NOT-VALID-LOCAL-0646,2029-12-31
DEMO-LOCAL-20260924-0647,DEMO-NOT-VALID-LOCAL-0647,2029-12-31
DEMO-LOCAL-20260924-0648,DEMO-NOT-VALID-LOCAL-0648,2029-12-31
DEMO-LOCAL-20260924-0649,DEMO-NOT-VALID-LOCAL-0649,2029-12-31
DEMO-LOCAL-20260924-0650,DEMO-NOT-VALID-LOCAL-0650,2029-12-31
DEMO-LOCAL-20260924-0651,DEMO-NOT-VALID-LOCAL-0651,2029-12-31
DEMO-LOCAL-20260924-0652,DEMO-NOT-VALID-LOCAL-0652,2029-12-31
DEMO-LOCAL-20260924-0653,DEMO-NOT-VALID-LOCAL-0653,2029-12-31
DEMO-LOCAL-20260924-0654,DEMO-NOT-VALID-LOCAL-0654,2029-12-31
DEMO-LOCAL-20260924-0655,DEMO-NOT-VALID-LOCAL-0655,2029-12-31
DEMO-LOCAL-20260924-0656,DEMO-NOT-VALID-LOCAL-0656,2029-12-31
DEMO-LOCAL-20260924-0657,DEMO-NOT-VALID-LOCAL-0657,2029-12-31
DEMO-LOCAL-20260924-0658,DEMO-NOT-VALID-LOCAL-0658,2029-12-31
DEMO-LOCAL-20260924-0659,DEMO-NOT-VALID-LOCAL-0659,2029-12-31
DEMO-LOCAL-20260924-0660,DEMO-NOT-VALID-LOCAL-0660,2029-12-31
DEMO-LOCAL-20260924-0661,DEMO-NOT-VALID-LOCAL-0661,2029-12-31
DEMO-LOCAL-20260924-0662,DEMO-NOT-VALID-LOCAL-0662,2029-12-31
DEMO-LOCAL-20260924-0663,DEMO-NOT-VALID-LOCAL-0663,2029-12-31
DEMO-LOCAL-20260924-0664,DEMO-NOT-VALID-LOCAL-0664,2029-12-31
DEMO-LOCAL-20260924-0665,DEMO-NOT-VALID-LOCAL-0665,2029-12-31
DEMO-LOCAL-20260924-0666,DEMO-NOT-VALID-LOCAL-0666,2029-12-31
DEMO-LOCAL-20260924-0667,DEMO-NOT-VALID-LOCAL-0667,2029-12-31
DEMO-LOCAL-20260924-0668,DEMO-NOT-VALID-LOCAL-0668,2029-12-31
DEMO-LOCAL-20260924-0669,DEMO-NOT-VALID-LOCAL-0669,2029-12-31
DEMO-LOCAL-20260924-0670,DEMO-NOT-VALID-LOCAL-0670,2029-12-31
DEMO-LOCAL-20260924-0671,DEMO-NOT-VALID-LOCAL-0671,2029-12-31
DEMO-LOCAL-20260924-0672,DEMO-NOT-VALID-LOCAL-0672,2029-12-31
DEMO-LOCAL-20260924-0673,DEMO-NOT-VALID-LOCAL-0673,2029-12-31
DEMO-LOCAL-20260924-0674,DEMO-NOT-VALID-LOCAL-0674,2029-12-31
DEMO-LOCAL-20260924-0675,DEMO-NOT-VALID-LOCAL-0675,2029-12-31
DEMO-LOCAL-20260924-0676,DEMO-NOT-VALID-LOCAL-0676,2029-12-31
DEMO-LOCAL-20260924-0677,DEMO-NOT-VALID-LOCAL-0677,2029-12-31
DEMO-LOCAL-20260924-0678,DEMO-NOT-VALID-LOCAL-0678,2029-12-31
DEMO-LOCAL-20260924-0679,DEMO-NOT-VALID-LOCAL-0679,2029-12-31
DEMO-LOCAL-20260924-0680,DEMO-NOT-VALID-LOCAL-0680,2029-12-31
DEMO-LOCAL-20260924-0681,DEMO-NOT-VALID-LOCAL-0681,2029-12-31
DEMO-LOCAL-20260924-0682,DEMO-NOT-VALID-LOCAL-0682,2029-12-31
DEMO-LOCAL-20260924-0683,DEMO-NOT-VALID-LOCAL-0683,2029-12-31
DEMO-LOCAL-20260924-0684,DEMO-NOT-VALID-LOCAL-0684,2029-12-31
DEMO-LOCAL-20260924-0685,DEMO-NOT-VALID-LOCAL-0685,2029-12-31
DEMO-LOCAL-20260924-0686,DEMO-NOT-VALID-LOCAL-0686,2029-12-31
DEMO-LOCAL-20260924-0687,DEMO-NOT-VALID-LOCAL-0687,2029-12-31
DEMO-LOCAL-20260924-0688,DEMO-NOT-VALID-LOCAL-0688,2029-12-31
DEMO-LOCAL-20260924-0689,DEMO-NOT-VALID-LOCAL-0689,2029-12-31
DEMO-LOCAL-20260924-0690,DEMO-NOT-VALID-LOCAL-0690,2029-12-31
DEMO-LOCAL-20260924-0691,DEMO-NOT-VALID-LOCAL-0691,2029-12-31
DEMO-LOCAL-20260924-0692,DEMO-NOT-VALID-LOCAL-0692,2029-12-31
DEMO-LOCAL-20260924-0693,DEMO-NOT-VALID-LOCAL-0693,2029-12-31
DEMO-LOCAL-20260924-0694,DEMO-NOT-VALID-LOCAL-0694,2029-12-31
DEMO-LOCAL-20260924-0695,DEMO-NOT-VALID-LOCAL-0695,2029-12-31
DEMO-LOCAL-20260924-0696,DEMO-NOT-VALID-LOCAL-0696,2029-12-31
DEMO-LOCAL-20260924-0697,DEMO-NOT-VALID-LOCAL-0697,2029-12-31
DEMO-LOCAL-20260924-0698,DEMO-NOT-VALID-LOCAL-0698,2029-12-31
DEMO-LOCAL-20260924-0699,DEMO-NOT-VALID-LOCAL-0699,2029-12-31
DEMO-LOCAL-20260924-0700,DEMO-NOT-VALID-LOCAL-0700,2029-12-31
DEMO-LOCAL-20260924-0701,DEMO-NOT-VALID-LOCAL-0701,2029-12-31
DEMO-LOCAL-20260924-0702,DEMO-NOT-VALID-LOCAL-0702,2029-12-31
DEMO-LOCAL-20260924-0703,DEMO-NOT-VALID-LOCAL-0703,2029-12-31
DEMO-LOCAL-20260924-0704,DEMO-NOT-VALID-LOCAL-0704,2029-12-31
DEMO-LOCAL-20260924-0705,DEMO-NOT-VALID-LOCAL-0705,2029-12-31
DEMO-LOCAL-20260924-0706,DEMO-NOT-VALID-LOCAL-0706,2029-12-31
DEMO-LOCAL-20260924-0707,DEMO-NOT-VALID-LOCAL-0707,2029-12-31
DEMO-LOCAL-20260924-0708,DEMO-NOT-VALID-LOCAL-0708,2029-12-31
DEMO-LOCAL-20260924-0709,DEMO-NOT-VALID-LOCAL-0709,2029-12-31
DEMO-LOCAL-20260924-0710,DEMO-NOT-VALID-LOCAL-0710,2029-12-31
DEMO-LOCAL-20260924-0711,DEMO-NOT-VALID-LOCAL-0711,2029-12-31
DEMO-LOCAL-20260924-0712,DEMO-NOT-VALID-LOCAL-0712,2029-12-31
DEMO-LOCAL-20260924-0713,DEMO-NOT-VALID-LOCAL-0713,2029-12-31
DEMO-LOCAL-20260924-0714,DEMO-NOT-VALID-LOCAL-0714,2029-12-31
DEMO-LOCAL-20260924-0715,DEMO-NOT-VALID-LOCAL-0715,2029-12-31
DEMO-LOCAL-20260924-0716,DEMO-NOT-VALID-LOCAL-0716,2029-12-31
DEMO-LOCAL-20260924-0717,DEMO-NOT-VALID-LOCAL-0717,2029-12-31
DEMO-LOCAL-20260924-0718,DEMO-NOT-VALID-LOCAL-0718,2029-12-31
DEMO-LOCAL-20260924-0719,DEMO-NOT-VALID-LOCAL-0719,2029-12-31
DEMO-LOCAL-20260924-0720,DEMO-NOT-VALID-LOCAL-0720,2029-12-31
DEMO-LOCAL-20260924-0721,DEMO-NOT-VALID-LOCAL-0721,2029-12-31
DEMO-LOCAL-20260924-0722,DEMO-NOT-VALID-LOCAL-0722,2029-12-31
DEMO-LOCAL-20260924-0723,DEMO-NOT-VALID-LOCAL-0723,2029-12-31
DEMO-LOCAL-20260924-0724,DEMO-NOT-VALID-LOCAL-0724,2029-12-31
DEMO-LOCAL-20260924-0725,DEMO-NOT-VALID-LOCAL-0725,2029-12-31
DEMO-LOCAL-20260924-0726,DEMO-NOT-VALID-LOCAL-0726,2029-12-31
DEMO-LOCAL-20260924-0727,DEMO-NOT-VALID-LOCAL-0727,2029-12-31
DEMO-LOCAL-20260924-0728,DEMO-NOT-VALID-LOCAL-0728,2029-12-31
DEMO-LOCAL-20260924-0729,DEMO-NOT-VALID-LOCAL-0729,2029-12-31
DEMO-LOCAL-20260924-0730,DEMO-NOT-VALID-LOCAL-0730,2029-12-31
DEMO-LOCAL-20260924-0731,DEMO-NOT-VALID-LOCAL-0731,2029-12-31
DEMO-LOCAL-20260924-0732,DEMO-NOT-VALID-LOCAL-0732,2029-12-31
DEMO-LOCAL-20260924-0733,DEMO-NOT-VALID-LOCAL-0733,2029-12-31
DEMO-LOCAL-20260924-0734,DEMO-NOT-VALID-LOCAL-0734,2029-12-31
DEMO-LOCAL-20260924-0735,DEMO-NOT-VALID-LOCAL-0735,2029-12-31
DEMO-LOCAL-20260924-0736,DEMO-NOT-VALID-LOCAL-0736,2029-12-31
DEMO-LOCAL-20260924-0737,DEMO-NOT-VALID-LOCAL-0737,2029-12-31
DEMO-LOCAL-20260924-0738,DEMO-NOT-VALID-LOCAL-0738,2029-12-31
DEMO-LOCAL-20260924-0739,DEMO-NOT-VALID-LOCAL-0739,2029-12-31
DEMO-LOCAL-20260924-0740,DEMO-NOT-VALID-LOCAL-0740,2029-12-31
DEMO-LOCAL-20260924-0741,DEMO-NOT-VALID-LOCAL-0741,2029-12-31
DEMO-LOCAL-20260924-0742,DEMO-NOT-VALID-LOCAL-0742,2029-12-31
DEMO-LOCAL-20260924-0743,DEMO-NOT-VALID-LOCAL-0743,2029-12-31
DEMO-LOCAL-20260924-0744,DEMO-NOT-VALID-LOCAL-0744,2029-12-31
DEMO-LOCAL-20260924-0745,DEMO-NOT-VALID-LOCAL-0745,2029-12-31
DEMO-LOCAL-20260924-0746,DEMO-NOT-VALID-LOCAL-0746,2029-12-31
DEMO-LOCAL-20260924-0747,DEMO-NOT-VALID-LOCAL-0747,2029-12-31
DEMO-LOCAL-20260924-0748,DEMO-NOT-VALID-LOCAL-0748,2029-12-31
DEMO-LOCAL-20260924-0749,DEMO-NOT-VALID-LOCAL-0749,2029-12-31
DEMO-LOCAL-20260924-0750,DEMO-NOT-VALID-LOCAL-0750,2029-12-31
DEMO-LOCAL-20260924-0751,DEMO-NOT-VALID-LOCAL-0751,2029-12-31
DEMO-LOCAL-20260924-0752,DEMO-NOT-VALID-LOCAL-0752,2029-12-31
DEMO-LOCAL-20260924-0753,DEMO-NOT-VALID-LOCAL-0753,2029-12-31
DEMO-LOCAL-20260924-0754,DEMO-NOT-VALID-LOCAL-0754,2029-12-31
DEMO-LOCAL-20260924-0755,DEMO-NOT-VALID-LOCAL-0755,2029-12-31
DEMO-LOCAL-20260924-0756,DEMO-NOT-VALID-LOCAL-0756,2029-12-31
DEMO-LOCAL-20260924-0757,DEMO-NOT-VALID-LOCAL-0757,2029-12-31
DEMO-LOCAL-20260924-0758,DEMO-NOT-VALID-LOCAL-0758,2029-12-31
DEMO-LOCAL-20260924-0759,DEMO-NOT-VALID-LOCAL-0759,2029-12-31
DEMO-LOCAL-20260924-0760,DEMO-NOT-VALID-LOCAL-0760,2029-12-31
DEMO-LOCAL-20260924-0761,DEMO-NOT-VALID-LOCAL-0761,2029-12-31
DEMO-LOCAL-20260924-0762,DEMO-NOT-VALID-LOCAL-0762,2029-12-31
DEMO-LOCAL-20260924-0763,DEMO-NOT-VALID-LOCAL-0763,2029-12-31
DEMO-LOCAL-20260924-0764,DEMO-NOT-VALID-LOCAL-0764,2029-12-31
DEMO-LOCAL-20260924-0765,DEMO-NOT-VALID-LOCAL-0765,2029-12-31
DEMO-LOCAL-20260924-0766,DEMO-NOT-VALID-LOCAL-0766,2029-12-31
DEMO-LOCAL-20260924-0767,DEMO-NOT-VALID-LOCAL-0767,2029-12-31
DEMO-LOCAL-20260924-0768,DEMO-NOT-VALID-LOCAL-0768,2029-12-31
DEMO-LOCAL-20260924-0769,DEMO-NOT-VALID-LOCAL-0769,2029-12-31
DEMO-LOCAL-20260924-0770,DEMO-NOT-VALID-LOCAL-0770,2029-12-31
DEMO-LOCAL-20260924-0771,DEMO-NOT-VALID-LOCAL-0771,2029-12-31
DEMO-LOCAL-20260924-0772,DEMO-NOT-VALID-LOCAL-0772,2029-12-31
DEMO-LOCAL-20260924-0773,DEMO-NOT-VALID-LOCAL-0773,2029-12-31
DEMO-LOCAL-20260924-0774,DEMO-NOT-VALID-LOCAL-0774,2029-12-31
DEMO-LOCAL-20260924-0775,DEMO-NOT-VALID-LOCAL-0775,2029-12-31
DEMO-LOCAL-20260924-0776,DEMO-NOT-VALID-LOCAL-0776,2029-12-31
DEMO-LOCAL-20260924-0777,DEMO-NOT-VALID-LOCAL-0777,2029-12-31
DEMO-LOCAL-20260924-0778,DEMO-NOT-VALID-LOCAL-0778,2029-12-31
DEMO-LOCAL-20260924-0779,DEMO-NOT-VALID-LOCAL-0779,2029-12-31
DEMO-LOCAL-20260924-0780,DEMO-NOT-VALID-LOCAL-0780,2029-12-31
DEMO-LOCAL-20260924-0781,DEMO-NOT-VALID-LOCAL-0781,2029-12-31
DEMO-LOCAL-20260924-0782,DEMO-NOT-VALID-LOCAL-0782,2029-12-31
DEMO-LOCAL-20260924-0783,DEMO-NOT-VALID-LOCAL-0783,2029-12-31
DEMO-LOCAL-20260924-0784,DEMO-NOT-VALID-LOCAL-0784,2029-12-31
DEMO-LOCAL-20260924-0785,DEMO-NOT-VALID-LOCAL-0785,2029-12-31
DEMO-LOCAL-20260924-0786,DEMO-NOT-VALID-LOCAL-0786,2029-12-31
DEMO-LOCAL-20260924-0787,DEMO-NOT-VALID-LOCAL-0787,2029-12-31
DEMO-LOCAL-20260924-0788,DEMO-NOT-VALID-LOCAL-0788,2029-12-31
DEMO-LOCAL-20260924-0789,DEMO-NOT-VALID-LOCAL-0789,2029-12-31
DEMO-LOCAL-20260924-0790,DEMO-NOT-VALID-LOCAL-0790,2029-12-31
DEMO-LOCAL-20260924-0791,DEMO-NOT-VALID-LOCAL-0791,2029-12-31
DEMO-LOCAL-20260924-0792,DEMO-NOT-VALID-LOCAL-0792,2029-12-31
DEMO-LOCAL-20260924-0793,DEMO-NOT-VALID-LOCAL-0793,2029-12-31
DEMO-LOCAL-20260924-0794,DEMO-NOT-VALID-LOCAL-0794,2029-12-31
DEMO-LOCAL-20260924-0795,DEMO-NOT-VALID-LOCAL-0795,2029-12-31
DEMO-LOCAL-20260924-0796,DEMO-NOT-VALID-LOCAL-0796,2029-12-31
DEMO-LOCAL-20260924-0797,DEMO-NOT-VALID-LOCAL-0797,2029-12-31
DEMO-LOCAL-20260924-0798,DEMO-NOT-VALID-LOCAL-0798,2029-12-31
DEMO-LOCAL-20260924-0799,DEMO-NOT-VALID-LOCAL-0799,2029-12-31
DEMO-LOCAL-20260924-0800,DEMO-NOT-VALID-LOCAL-0800,2029-12-31
DEMO-LOCAL-20260924-0801,DEMO-NOT-VALID-LOCAL-0801,2029-12-31
DEMO-LOCAL-20260924-0802,DEMO-NOT-VALID-LOCAL-0802,2029-12-31
DEMO-LOCAL-20260924-0803,DEMO-NOT-VALID-LOCAL-0803,2029-12-31
DEMO-LOCAL-20260924-0804,DEMO-NOT-VALID-LOCAL-0804,2029-12-31
DEMO-LOCAL-20260924-0805,DEMO-NOT-VALID-LOCAL-0805,2029-12-31
DEMO-LOCAL-20260924-0806,DEMO-NOT-VALID-LOCAL-0806,2029-12-31
DEMO-LOCAL-20260924-0807,DEMO-NOT-VALID-LOCAL-0807,2029-12-31
DEMO-LOCAL-20260924-0808,DEMO-NOT-VALID-LOCAL-0808,2029-12-31
DEMO-LOCAL-20260924-0809,DEMO-NOT-VALID-LOCAL-0809,2029-12-31
DEMO-LOCAL-20260924-0810,DEMO-NOT-VALID-LOCAL-0810,2029-12-31
DEMO-LOCAL-20260924-0811,DEMO-NOT-VALID-LOCAL-0811,2029-12-31
DEMO-LOCAL-20260924-0812,DEMO-NOT-VALID-LOCAL-0812,2029-12-31
DEMO-LOCAL-20260924-0813,DEMO-NOT-VALID-LOCAL-0813,2029-12-31
DEMO-LOCAL-20260924-0814,DEMO-NOT-VALID-LOCAL-0814,2029-12-31
DEMO-LOCAL-20260924-0815,DEMO-NOT-VALID-LOCAL-0815,2029-12-31
DEMO-LOCAL-20260924-0816,DEMO-NOT-VALID-LOCAL-0816,2029-12-31
DEMO-LOCAL-20260924-0817,DEMO-NOT-VALID-LOCAL-0817,2029-12-31
DEMO-LOCAL-20260924-0818,DEMO-NOT-VALID-LOCAL-0818,2029-12-31
DEMO-LOCAL-20260924-0819,DEMO-NOT-VALID-LOCAL-0819,2029-12-31
DEMO-LOCAL-20260924-0820,DEMO-NOT-VALID-LOCAL-0820,2029-12-31
DEMO-LOCAL-20260924-0821,DEMO-NOT-VALID-LOCAL-0821,2029-12-31
DEMO-LOCAL-20260924-0822,DEMO-NOT-VALID-LOCAL-0822,2029-12-31
DEMO-LOCAL-20260924-0823,DEMO-NOT-VALID-LOCAL-0823,2029-12-31
DEMO-LOCAL-20260924-0824,DEMO-NOT-VALID-LOCAL-0824,2029-12-31
DEMO-LOCAL-20260924-0825,DEMO-NOT-VALID-LOCAL-0825,2029-12-31
DEMO-LOCAL-20260924-0826,DEMO-NOT-VALID-LOCAL-0826,2029-12-31
DEMO-LOCAL-20260924-0827,DEMO-NOT-VALID-LOCAL-0827,2029-12-31
DEMO-LOCAL-20260924-0828,DEMO-NOT-VALID-LOCAL-0828,2029-12-31
DEMO-LOCAL-20260924-0829,DEMO-NOT-VALID-LOCAL-0829,2029-12-31
DEMO-LOCAL-20260924-0830,DEMO-NOT-VALID-LOCAL-0830,2029-12-31
DEMO-LOCAL-20260924-0831,DEMO-NOT-VALID-LOCAL-0831,2029-12-31
DEMO-LOCAL-20260924-0832,DEMO-NOT-VALID-LOCAL-0832,2029-12-31
DEMO-LOCAL-20260924-0833,DEMO-NOT-VALID-LOCAL-0833,2029-12-31
DEMO-LOCAL-20260924-0834,DEMO-NOT-VALID-LOCAL-0834,2029-12-31
DEMO-LOCAL-20260924-0835,DEMO-NOT-VALID-LOCAL-0835,2029-12-31
DEMO-LOCAL-20260924-0836,DEMO-NOT-VALID-LOCAL-0836,2029-12-31
DEMO-LOCAL-20260924-0837,DEMO-NOT-VALID-LOCAL-0837,2029-12-31
DEMO-LOCAL-20260924-0838,DEMO-NOT-VALID-LOCAL-0838,2029-12-31
DEMO-LOCAL-20260924-0839,DEMO-NOT-VALID-LOCAL-0839,2029-12-31
DEMO-LOCAL-20260924-0840,DEMO-NOT-VALID-LOCAL-0840,2029-12-31
DEMO-LOCAL-20260924-0841,DEMO-NOT-VALID-LOCAL-0841,2029-12-31
DEMO-LOCAL-20260924-0842,DEMO-NOT-VALID-LOCAL-0842,2029-12-31
DEMO-LOCAL-20260924-0843,DEMO-NOT-VALID-LOCAL-0843,2029-12-31
DEMO-LOCAL-20260924-0844,DEMO-NOT-VALID-LOCAL-0844,2029-12-31
DEMO-LOCAL-20260924-0845,DEMO-NOT-VALID-LOCAL-0845,2029-12-31
DEMO-LOCAL-20260924-0846,DEMO-NOT-VALID-LOCAL-0846,2029-12-31
DEMO-LOCAL-20260924-0847,DEMO-NOT-VALID-LOCAL-0847,2029-12-31
DEMO-LOCAL-20260924-0848,DEMO-NOT-VALID-LOCAL-0848,2029-12-31
DEMO-LOCAL-20260924-0849,DEMO-NOT-VALID-LOCAL-0849,2029-12-31
DEMO-LOCAL-20260924-0850,DEMO-NOT-VALID-LOCAL-0850,2029-12-31
DEMO-LOCAL-20260924-0851,DEMO-NOT-VALID-LOCAL-0851,2029-12-31
DEMO-LOCAL-20260924-0852,DEMO-NOT-VALID-LOCAL-0852,2029-12-31
DEMO-LOCAL-20260924-0853,DEMO-NOT-VALID-LOCAL-0853,2029-12-31
DEMO-LOCAL-20260924-0854,DEMO-NOT-VALID-LOCAL-0854,2029-12-31
DEMO-LOCAL-20260924-0855,DEMO-NOT-VALID-LOCAL-0855,2029-12-31
DEMO-LOCAL-20260924-0856,DEMO-NOT-VALID-LOCAL-0856,2029-12-31
DEMO-LOCAL-20260924-0857,DEMO-NOT-VALID-LOCAL-0857,2029-12-31
DEMO-LOCAL-20260924-0858,DEMO-NOT-VALID-LOCAL-0858,2029-12-31
DEMO-LOCAL-20260924-0859,DEMO-NOT-VALID-LOCAL-0859,2029-12-31
DEMO-LOCAL-20260924-0860,DEMO-NOT-VALID-LOCAL-0860,2029-12-31
DEMO-LOCAL-20260924-0861,DEMO-NOT-VALID-LOCAL-0861,2029-12-31
DEMO-LOCAL-20260924-0862,DEMO-NOT-VALID-LOCAL-0862,2029-12-31
DEMO-LOCAL-20260924-0863,DEMO-NOT-VALID-LOCAL-0863,2029-12-31
DEMO-LOCAL-20260924-0864,DEMO-NOT-VALID-LOCAL-0864,2029-12-31
DEMO-LOCAL-20260924-0865,DEMO-NOT-VALID-LOCAL-0865,2029-12-31
DEMO-LOCAL-20260924-0866,DEMO-NOT-VALID-LOCAL-0866,2029-12-31
DEMO-LOCAL-20260924-0867,DEMO-NOT-VALID-LOCAL-0867,2029-12-31
DEMO-LOCAL-20260924-0868,DEMO-NOT-VALID-LOCAL-0868,2029-12-31
DEMO-LOCAL-20260924-0869,DEMO-NOT-VALID-LOCAL-0869,2029-12-31
DEMO-LOCAL-20260924-0870,DEMO-NOT-VALID-LOCAL-0870,2029-12-31
DEMO-LOCAL-20260924-0871,DEMO-NOT-VALID-LOCAL-0871,2029-12-31
DEMO-LOCAL-20260924-0872,DEMO-NOT-VALID-LOCAL-0872,2029-12-31
DEMO-LOCAL-20260924-0873,DEMO-NOT-VALID-LOCAL-0873,2029-12-31
DEMO-LOCAL-20260924-0874,DEMO-NOT-VALID-LOCAL-0874,2029-12-31
DEMO-LOCAL-20260924-0875,DEMO-NOT-VALID-LOCAL-0875,2029-12-31
DEMO-LOCAL-20260924-0876,DEMO-NOT-VALID-LOCAL-0876,2029-12-31
DEMO-LOCAL-20260924-0877,DEMO-NOT-VALID-LOCAL-0877,2029-12-31
DEMO-LOCAL-20260924-0878,DEMO-NOT-VALID-LOCAL-0878,2029-12-31
DEMO-LOCAL-20260924-0879,DEMO-NOT-VALID-LOCAL-0879,2029-12-31
DEMO-LOCAL-20260924-0880,DEMO-NOT-VALID-LOCAL-0880,2029-12-31
DEMO-LOCAL-20260924-0881,DEMO-NOT-VALID-LOCAL-0881,2029-12-31
DEMO-LOCAL-20260924-0882,DEMO-NOT-VALID-LOCAL-0882,2029-12-31
DEMO-LOCAL-20260924-0883,DEMO-NOT-VALID-LOCAL-0883,2029-12-31
DEMO-LOCAL-20260924-0884,DEMO-NOT-VALID-LOCAL-0884,2029-12-31
DEMO-LOCAL-20260924-0885,DEMO-NOT-VALID-LOCAL-0885,2029-12-31
DEMO-LOCAL-20260924-0886,DEMO-NOT-VALID-LOCAL-0886,2029-12-31
DEMO-LOCAL-20260924-0887,DEMO-NOT-VALID-LOCAL-0887,2029-12-31
DEMO-LOCAL-20260924-0888,DEMO-NOT-VALID-LOCAL-0888,2029-12-31
DEMO-LOCAL-20260924-0889,DEMO-NOT-VALID-LOCAL-0889,2029-12-31
DEMO-LOCAL-20260924-0890,DEMO-NOT-VALID-LOCAL-0890,2029-12-31
DEMO-LOCAL-20260924-0891,DEMO-NOT-VALID-LOCAL-0891,2029-12-31
DEMO-LOCAL-20260924-0892,DEMO-NOT-VALID-LOCAL-0892,2029-12-31
DEMO-LOCAL-20260924-0893,DEMO-NOT-VALID-LOCAL-0893,2029-12-31
DEMO-LOCAL-20260924-0894,DEMO-NOT-VALID-LOCAL-0894,2029-12-31
DEMO-LOCAL-20260924-0895,DEMO-NOT-VALID-LOCAL-0895,2029-12-31
DEMO-LOCAL-20260924-0896,DEMO-NOT-VALID-LOCAL-0896,2029-12-31
DEMO-LOCAL-20260924-0897,DEMO-NOT-VALID-LOCAL-0897,2029-12-31
DEMO-LOCAL-20260924-0898,DEMO-NOT-VALID-LOCAL-0898,2029-12-31
DEMO-LOCAL-20260924-0899,DEMO-NOT-VALID-LOCAL-0899,2029-12-31
DEMO-LOCAL-20260924-0900,DEMO-NOT-VALID-LOCAL-0900,2029-12-31
DEMO-LOCAL-20260924-0901,DEMO-NOT-VALID-LOCAL-0901,2029-12-31
DEMO-LOCAL-20260924-0902,DEMO-NOT-VALID-LOCAL-0902,2029-12-31
DEMO-LOCAL-20260924-0903,DEMO-NOT-VALID-LOCAL-0903,2029-12-31
DEMO-LOCAL-20260924-0904,DEMO-NOT-VALID-LOCAL-0904,2029-12-31
DEMO-LOCAL-20260924-0905,DEMO-NOT-VALID-LOCAL-0905,2029-12-31
DEMO-LOCAL-20260924-0906,DEMO-NOT-VALID-LOCAL-0906,2029-12-31
DEMO-LOCAL-20260924-0907,DEMO-NOT-VALID-LOCAL-0907,2029-12-31
DEMO-LOCAL-20260924-0908,DEMO-NOT-VALID-LOCAL-0908,2029-12-31
DEMO-LOCAL-20260924-0909,DEMO-NOT-VALID-LOCAL-0909,2029-12-31
DEMO-LOCAL-20260924-0910,DEMO-NOT-VALID-LOCAL-0910,2029-12-31
DEMO-LOCAL-20260924-0911,DEMO-NOT-VALID-LOCAL-0911,2029-12-31
DEMO-LOCAL-20260924-0912,DEMO-NOT-VALID-LOCAL-0912,2029-12-31
DEMO-LOCAL-20260924-0913,DEMO-NOT-VALID-LOCAL-0913,2029-12-31
DEMO-LOCAL-20260924-0914,DEMO-NOT-VALID-LOCAL-0914,2029-12-31
DEMO-LOCAL-20260924-0915,DEMO-NOT-VALID-LOCAL-0915,2029-12-31
DEMO-LOCAL-20260924-0916,DEMO-NOT-VALID-LOCAL-0916,2029-12-31
DEMO-LOCAL-20260924-0917,DEMO-NOT-VALID-LOCAL-0917,2029-12-31
DEMO-LOCAL-20260924-0918,DEMO-NOT-VALID-LOCAL-0918,2029-12-31
DEMO-LOCAL-20260924-0919,DEMO-NOT-VALID-LOCAL-0919,2029-12-31
DEMO-LOCAL-20260924-0920,DEMO-NOT-VALID-LOCAL-0920,2029-12-31
DEMO-LOCAL-20260924-0921,DEMO-NOT-VALID-LOCAL-0921,2029-12-31
DEMO-LOCAL-20260924-0922,DEMO-NOT-VALID-LOCAL-0922,2029-12-31
DEMO-LOCAL-20260924-0923,DEMO-NOT-VALID-LOCAL-0923,2029-12-31
DEMO-LOCAL-20260924-0924,DEMO-NOT-VALID-LOCAL-0924,2029-12-31
DEMO-LOCAL-20260924-0925,DEMO-NOT-VALID-LOCAL-0925,2029-12-31
DEMO-LOCAL-20260924-0926,DEMO-NOT-VALID-LOCAL-0926,2029-12-31
DEMO-LOCAL-20260924-0927,DEMO-NOT-VALID-LOCAL-0927,2029-12-31
DEMO-LOCAL-20260924-0928,DEMO-NOT-VALID-LOCAL-0928,2029-12-31
DEMO-LOCAL-20260924-0929,DEMO-NOT-VALID-LOCAL-0929,2029-12-31
DEMO-LOCAL-20260924-0930,DEMO-NOT-VALID-LOCAL-0930,2029-12-31
DEMO-LOCAL-20260924-0931,DEMO-NOT-VALID-LOCAL-0931,2029-12-31
DEMO-LOCAL-20260924-0932,DEMO-NOT-VALID-LOCAL-0932,2029-12-31
DEMO-LOCAL-20260924-0933,DEMO-NOT-VALID-LOCAL-0933,2029-12-31
DEMO-LOCAL-20260924-0934,DEMO-NOT-VALID-LOCAL-0934,2029-12-31
DEMO-LOCAL-20260924-0935,DEMO-NOT-VALID-LOCAL-0935,2029-12-31
DEMO-LOCAL-20260924-0936,DEMO-NOT-VALID-LOCAL-0936,2029-12-31
DEMO-LOCAL-20260924-0937,DEMO-NOT-VALID-LOCAL-0937,2029-12-31
DEMO-LOCAL-20260924-0938,DEMO-NOT-VALID-LOCAL-0938,2029-12-31
DEMO-LOCAL-20260924-0939,DEMO-NOT-VALID-LOCAL-0939,2029-12-31
DEMO-LOCAL-20260924-0940,DEMO-NOT-VALID-LOCAL-0940,2029-12-31
DEMO-LOCAL-20260924-0941,DEMO-NOT-VALID-LOCAL-0941,2029-12-31
DEMO-LOCAL-20260924-0942,DEMO-NOT-VALID-LOCAL-0942,2029-12-31
DEMO-LOCAL-20260924-0943,DEMO-NOT-VALID-LOCAL-0943,2029-12-31
DEMO-LOCAL-20260924-0944,DEMO-NOT-VALID-LOCAL-0944,2029-12-31
DEMO-LOCAL-20260924-0945,DEMO-NOT-VALID-LOCAL-0945,2029-12-31
DEMO-LOCAL-20260924-0946,DEMO-NOT-VALID-LOCAL-0946,2029-12-31
DEMO-LOCAL-20260924-0947,DEMO-NOT-VALID-LOCAL-0947,2029-12-31
DEMO-LOCAL-20260924-0948,DEMO-NOT-VALID-LOCAL-0948,2029-12-31
DEMO-LOCAL-20260924-0949,DEMO-NOT-VALID-LOCAL-0949,2029-12-31
DEMO-LOCAL-20260924-0950,DEMO-NOT-VALID-LOCAL-0950,2029-12-31
DEMO-LOCAL-20260924-0951,DEMO-NOT-VALID-LOCAL-0951,2029-12-31
DEMO-LOCAL-20260924-0952,DEMO-NOT-VALID-LOCAL-0952,2029-12-31
DEMO-LOCAL-20260924-0953,DEMO-NOT-VALID-LOCAL-0953,2029-12-31
DEMO-LOCAL-20260924-0954,DEMO-NOT-VALID-LOCAL-0954,2029-12-31
DEMO-LOCAL-20260924-0955,DEMO-NOT-VALID-LOCAL-0955,2029-12-31
DEMO-LOCAL-20260924-0956,DEMO-NOT-VALID-LOCAL-0956,2029-12-31
DEMO-LOCAL-20260924-0957,DEMO-NOT-VALID-LOCAL-0957,2029-12-31
DEMO-LOCAL-20260924-0958,DEMO-NOT-VALID-LOCAL-0958,2029-12-31
DEMO-LOCAL-20260924-0959,DEMO-NOT-VALID-LOCAL-0959,2029-12-31
DEMO-LOCAL-20260924-0960,DEMO-NOT-VALID-LOCAL-0960,2029-12-31
DEMO-LOCAL-20260924-0961,DEMO-NOT-VALID-LOCAL-0961,2029-12-31
DEMO-LOCAL-20260924-0962,DEMO-NOT-VALID-LOCAL-0962,2029-12-31
DEMO-LOCAL-20260924-0963,DEMO-NOT-VALID-LOCAL-0963,2029-12-31
DEMO-LOCAL-20260924-0964,DEMO-NOT-VALID-LOCAL-0964,2029-12-31
DEMO-LOCAL-20260924-0965,DEMO-NOT-VALID-LOCAL-0965,2029-12-31
DEMO-LOCAL-20260924-0966,DEMO-NOT-VALID-LOCAL-0966,2029-12-31
DEMO-LOCAL-20260924-0967,DEMO-NOT-VALID-LOCAL-0967,2029-12-31
DEMO-LOCAL-20260924-0968,DEMO-NOT-VALID-LOCAL-0968,2029-12-31
DEMO-LOCAL-20260924-0969,DEMO-NOT-VALID-LOCAL-0969,2029-12-31
DEMO-LOCAL-20260924-0970,DEMO-NOT-VALID-LOCAL-0970,2029-12-31
DEMO-LOCAL-20260924-0971,DEMO-NOT-VALID-LOCAL-0971,2029-12-31
DEMO-LOCAL-20260924-0972,DEMO-NOT-VALID-LOCAL-0972,2029-12-31
DEMO-LOCAL-20260924-0973,DEMO-NOT-VALID-LOCAL-0973,2029-12-31
DEMO-LOCAL-20260924-0974,DEMO-NOT-VALID-LOCAL-0974,2029-12-31
DEMO-LOCAL-20260924-0975,DEMO-NOT-VALID-LOCAL-0975,2029-12-31
DEMO-LOCAL-20260924-0976,DEMO-NOT-VALID-LOCAL-0976,2029-12-31
DEMO-LOCAL-20260924-0977,DEMO-NOT-VALID-LOCAL-0977,2029-12-31
DEMO-LOCAL-20260924-0978,DEMO-NOT-VALID-LOCAL-0978,2029-12-31
DEMO-LOCAL-20260924-0979,DEMO-NOT-VALID-LOCAL-0979,2029-12-31
DEMO-LOCAL-20260924-0980,DEMO-NOT-VALID-LOCAL-0980,2029-12-31
DEMO-LOCAL-20260924-0981,DEMO-NOT-VALID-LOCAL-0981,2029-12-31
DEMO-LOCAL-20260924-0982,DEMO-NOT-VALID-LOCAL-0982,2029-12-31
DEMO-LOCAL-20260924-0983,DEMO-NOT-VALID-LOCAL-0983,2029-12-31
DEMO-LOCAL-20260924-0984,DEMO-NOT-VALID-LOCAL-0984,2029-12-31
DEMO-LOCAL-20260924-0985,DEMO-NOT-VALID-LOCAL-0985,2029-12-31
DEMO-LOCAL-20260924-0986,DEMO-NOT-VALID-LOCAL-0986,2029-12-31
DEMO-LOCAL-20260924-0987,DEMO-NOT-VALID-LOCAL-0987,2029-12-31
DEMO-LOCAL-20260924-0988,DEMO-NOT-VALID-LOCAL-0988,2029-12-31
DEMO-LOCAL-20260924-0989,DEMO-NOT-VALID-LOCAL-0989,2029-12-31
DEMO-LOCAL-20260924-0990,DEMO-NOT-VALID-LOCAL-0990,2029-12-31
DEMO-LOCAL-20260924-0991,DEMO-NOT-VALID-LOCAL-0991,2029-12-31
DEMO-LOCAL-20260924-0992,DEMO-NOT-VALID-LOCAL-0992,2029-12-31
DEMO-LOCAL-20260924-0993,DEMO-NOT-VALID-LOCAL-0993,2029-12-31
DEMO-LOCAL-20260924-0994,DEMO-NOT-VALID-LOCAL-0994,2029-12-31
DEMO-LOCAL-20260924-0995,DEMO-NOT-VALID-LOCAL-0995,2029-12-31
DEMO-LOCAL-20260924-0996,DEMO-NOT-VALID-LOCAL-0996,2029-12-31
DEMO-LOCAL-20260924-0997,DEMO-NOT-VALID-LOCAL-0997,2029-12-31
DEMO-LOCAL-20260924-0998,DEMO-NOT-VALID-LOCAL-0998,2029-12-31
DEMO-LOCAL-20260924-0999,DEMO-NOT-VALID-LOCAL-0999,2029-12-31
DEMO-LOCAL-20260924-1000,DEMO-NOT-VALID-LOCAL-1000,2029-12-31
